Close,SMA_Signals,MeanReversion_Signals,Combined_Signals,Returns,Position,Cumulative_Returns
39.47999954223633,-1,0,-1,0.0,No Position,1000.0
35.54750061035156,-1,0,-1,0.09960737025028876,Short,1000.0
37.064998626708984,-1,0,-1,-0.04268930277240135,Short,990.0392629749712
36.98249816894531,-1,0,-1,0.002225831939036471,Short,994.2656715603415
37.6875,-1,0,-1,-0.01906312082634498,Short,994.0443647315768
38.32749938964844,-1,0,-1,-0.016981741682214002,Short,995.9393235147394
38.45000076293945,-1,0,-1,-0.003196174424155096,Short,997.630601947048
38.0724983215332,-1,0,-1,0.009818008684413626,Short,997.9494620885177
37.5,-1,0,-1,0.015037056846080588,Short,996.9696744399787
38.26750183105469,-1,0,-1,-0.020466715494791732,Short,995.4705254731415
38.73500061035156,-1,0,-1,-0.01221660042928363,Short,997.5079266759725
38.96500015258789,-1,0,-1,-0.005937770455975322,Short,998.7265422524969
39.20500183105469,-1,0,-1,-0.006159416849145227,Short,999.3195631481154
38.32500076293945,-1,0,-1,0.022446142762788446,Short,999.935085723609
38.47999954223633,-1,0,-1,-0.004044325537150728,Short,997.6906171548417
38.17499923706055,-1,0,-1,0.00792620345125028,Short,998.0941157189552
39.439998626708984,-1,0,-1,-0.03313685435310676,Short,997.3030060164868
39.07500076293945,-1,0,-1,0.009254510052704501,Short,1000.6077544621153
38.66999816894531,-1,0,-1,0.010364749483978586,Short,999.6817410098669
41.3125,-1,0,-1,-0.06833467691179762,Short,998.6455959289394
41.61000061035156,-1,0,-1,-0.007201225061459926,Short,1005.4698083436588
41.630001068115234,-1,0,-1,-0.00048066468325647094,Short,1006.1938697818973
42.8125,-1,0,-1,-0.02840497001068898,Short,1006.2422339676687
43.54499816894531,-1,0,-1,-0.017109446281934337,Short,1009.1004620156027
43.560001373291016,-1,0,-1,-0.0003445448381349525,Short,1010.8269770303958
42.73500061035156,-1,0,-1,0.01893941085698192,Short,1010.8618045521141
42.602500915527344,-1,0,-1,0.003100495915100643,Short,1008.9472918485098
42.35749816894531,-1,0,-1,0.0057509005649181155,Short,1008.634468152817
42.72249984741211,-1,0,-1,-0.008617168016179066,Short,1008.0544124995474
42.54499816894531,-1,-1,-1,0.004154758712640039,Short,1008.9230699237434
42.70000076293945,-1,-1,-1,-0.0036432624436515404,Short,1008.5038867322285
42.60499954223633,-1,-1,-1,0.0022248529041146714,Short,1008.8713111657092
42.73249816894531,-1,-1,-1,-0.002992574300642481,Short,1008.6468521390567
43.00749969482422,-1,-1,-1,-0.006435418888726563,Short,1008.9486972038702
42.76499938964844,-1,-1,-1,0.005638558551334882,Short,1009.5979979542444
43.24250030517578,-1,-1,-1,-0.011165694431014783,Short,1009.0287302117669
43.557498931884766,-1,-1,-1,-0.0072844683930379794,Short,1010.1553808591328
43.58250045776367,-1,-1,-1,-0.0005739890143372506,Short,1010.8912253535254
43.717498779296875,-1,-1,-1,-0.0030975350224347054,Short,1010.9492493993297
43.287498474121094,-1,-1,-1,0.009835885336134886,Short,1011.2623944699216
43.74250030517578,-1,-1,-1,-0.010511160198520164,Short,1010.2677283742464
43.962501525878906,-1,-1,-1,-0.00502946148867256,Short,1011.3296369678801
43.88249969482422,-1,-1,-1,0.0018197743139706235,Short,1011.8382813140284
43.630001068115234,-1,-1,-1,0.005753970910156836,Short,1011.6541495826057
43.125,-1,0,-1,0.01157462882769189,Short,1011.0720467278219
43.227500915527344,-1,0,-1,-0.0023768328238225056,Short,1009.9017683619289
44.724998474121094,-1,-1,-1,-0.03464224225036916,Short,1010.1418051291168
45.227500915527344,-1,-1,-1,-0.011235381968699443,Short,1013.6411628411677
45.4275016784668,-1,-1,-1,-0.004422105110627239,Short,1014.7800274055394
45.932498931884766,-1,-1,-1,-0.011116553514043392,Short,1015.2287738000746
46.529998779296875,-1,-1,-1,-0.013008215562104963,Short,1016.3573582993691
47.005001068115234,-1,-1,-1,-0.010208517113258653,Short,1017.6794578598581
46.63249969482422,-1,-1,-1,0.007924717898659783,Short,1018.7183576759954
47.040000915527344,-1,-1,-1,-0.008738566951588034,Short,1017.9110521157186
48.772499084472656,-1,-1,-1,-0.03683031750055599,Short,1018.800560503686
47.76250076293945,-1,-1,-1,0.020708356973546005,Short,1022.5528353149955
47.185001373291016,-1,-1,-1,0.012091062662626273,Short,1020.435296401194
46.6974983215332,-1,-1,-1,0.010331737576970035,Short,1019.2014816899998
47.11750030517578,-1,-1,-1,-0.008994100299563712,Short,1018.1484694653118
47.18000030517578,-1,-1,-1,-0.0013264710478100294,Short,1019.0642024107336
47.48749923706055,-1,-1,-1,-0.006517569518774025,Short,1019.1993783267694
47.810001373291016,-1,-1,-1,-0.006791305952341675,Short,1019.863648606943
48.505001068115234,-1,-1,-1,-0.014536701001068852,Short,1020.5562692136791
48.837501525878906,-1,-1,-1,-0.00685497269233637,Short,1022.0398213477117
48.92250061035156,-1,-1,-1,-0.0017404470297812669,Short,1022.7404268542936
49.25,-1,-1,-1,-0.006694248772294742,Short,1022.9184294081091
50.025001525878906,-1,-1,-1,-0.01573607159144985,Short,1023.6031964521313
49.875,-1,-1,-1,0.002998531160489981,Short,1025.2139457701921
50.154998779296875,-1,-1,-1,-0.0056140106124686895,Short,1024.906532173936
49.73749923706055,-1,-1,-1,0.008324186071133277,Short,1025.4819157887773
49.717498779296875,-1,-1,-1,0.00040212029294728335,Short,1024.6282855608165
49.807498931884766,-1,-1,-1,-0.0018102309005409989,Short,1024.5870831781813
49.8125,-1,-1,-1,-0.00010040793499932477,Short,1024.7725570980076
50.782501220703125,-1,-1,-1,-0.01947304834535757,Short,1024.7828466276378
50.96500015258789,-1,-1,-1,-0.0035937365725964288,Short,1026.778411219225
51.13249969482422,-1,-1,-1,-0.0032865602224043666,Short,1027.1474083320602
51.869998931884766,-1,-1,-1,-0.014423297148822956,Short,1027.4849865135373
51.790000915527344,-1,-1,-1,0.0015422791209707132,Short,1028.9669586411812
51.31999969482422,-1,-1,-1,0.009075134435114762,Short,1028.808263215533
51.07500076293945,-1,-1,-1,0.004773946479767366,Short,1027.8746058858692
51.15250015258789,-1,-1,-1,-0.0015173644344743664,Short,1027.383904050228
50.16749954223633,-1,0,-1,0.019256157712981836,Short,1027.5397956298837
52.630001068115234,-1,-1,-1,-0.04908559422631198,Short,1025.5611487937822
52.287498474121094,-1,-1,-1,0.006507744386150871,Short,1030.5951766341784
52.9375,-1,-1,-1,-0.012431298969114213,Short,1029.924491636665
52.119998931884766,-1,-1,-1,0.015442759256013905,Short,1031.2048215637797
50.71500015258789,-1,0,-1,0.026956999387760083,Short,1029.6123567834745
50.724998474121094,-1,0,-1,-0.00019714722474861723,Short,1026.8368308163303
50.18000030517578,-1,0,-1,0.010744173195458284,Short,1026.8570746194769
49.29499816894531,-1,1,-1,0.017636551033244685,Short,1025.7538015938076
46.43000030517578,-1,1,-1,0.0581194435579554,Short,1023.9447256668722
47.165000915527344,-1,1,-1,-0.015830295186744392,Short,1017.993615897886
47.72999954223633,-1,1,-1,-0.01197919253136237,Short,1019.6051298416745
47.52000045776367,-1,1,-1,0.004399729446609935,Short,1020.8265344573083
47.25,-1,1,-1,0.005681827760158575,Short,1020.377398400955
45.772499084472656,-1,1,-1,0.03126986064608139,Short,1019.7976375381477
46.650001525878906,-1,1,-1,-0.019170953278885294,Short,1016.6087445368456
45.69499969482422,-1,1,-1,0.020471635580224024,Short,1018.5576804112878
44.915000915527344,-1,1,-1,0.01706967468007714,Short,1016.472526246206
44.74250030517578,-1,1,-1,0.003840601287663059,Short,1014.7374407117801
44.557498931884766,-1,1,-1,0.004134801855711578,Short,1014.3477205196364
44.345001220703125,-1,1,-1,0.004769067301252372,Short,1013.9283078359223
44.57500076293945,-1,1,-1,-0.005186594563198366,Short,1013.4447586020508
43.76750183105469,-1,1,-1,0.018115511341867174,Short,1013.9703913095575
43.32500076293945,-1,1,-1,0.010110265598966883,Short,1012.1335320971489
44.90999984741211,-1,1,-1,-0.036583936677699436,Short,1011.1102382140366
45.6349983215332,-1,1,-1,-0.016143363985401393,Short,1014.8092775069362
46.30500030517578,-1,1,-1,-0.014681757604589007,Short,1016.4475210611919
47.537498474121094,-1,0,-1,-0.026616956285983484,Short,1017.9398446733925
48.14500045776367,-1,0,-1,-0.012779426834445218,Short,1020.6492907081357
48.70249938964844,-1,-1,-1,-0.011579580986271765,Short,1021.953622001559
48.54750061035156,-1,-1,-1,0.0031825631382240704,Short,1023.1370014745771
48.537498474121094,-1,-1,-1,0.0002060278305725527,Short,1022.8113816639525
48.185001373291016,-1,-1,-1,0.007262366457101654,Short,1022.7903089029476
48.47249984741211,-1,-1,-1,-0.005966555275029206,Short,1022.047521099745
49.61249923706055,-1,-1,-1,-0.023518477347714173,Short,1022.6573314025799
49.467498779296875,-1,-1,-1,0.002922659813423767,Short,1025.0624657308865
49.8650016784668,-1,-1,-1,-0.008035637721312883,Short,1024.7628748434024
49.69499969482422,-1,-1,-1,0.003409244518605692,Short,1025.5863371646517
49.64500045776367,-1,-1,-1,0.0010061220921137037,Short,1025.2366897048182
48.89250183105469,-1,-1,-1,0.015157591293592287,Short,1025.1335383765024
49.95000076293945,-1,-1,-1,-0.021629061559150564,Short,1023.5796828568959
49.935001373291016,-1,-1,-1,0.00030028807646320654,Short,1025.7935896540166
49.47999954223633,-1,-1,-1,0.009111881817190803,Short,1025.762786295628
50.38750076293945,-1,-1,-1,-0.018340768575158872,Short,1024.8281233675082
50.682498931884766,-1,-1,-1,-0.005854590215403022,Short,1026.707736911508
51.102500915527344,-1,-1,-1,-0.008286923346203734,Short,1027.308832218568
51.057498931884766,-1,-1,-1,0.0008806219428862949,Short,1028.1601551731155
50.005001068115234,-1,-1,-1,0.02061397220364547,Short,1028.0696131337709
50.310001373291016,-1,-1,-1,-0.00609939603361509,Short,1025.9503532909157
50.807498931884766,-1,-1,-1,-0.009888641324066194,Short,1026.5761210424705
50.4375,-1,-1,-1,0.007282368541321138,Short,1027.5912653477544
50.82500076293945,-1,-1,-1,-0.007682790838948295,Short,1026.842935517344
51.3025016784668,-1,-1,-1,-0.009395000656360564,Short,1027.631837467147
51.125,-1,-1,-1,0.0034599029805461035,Short,1028.5972976458972
50.837501525878906,-1,-1,-1,0.0056234420365983695,Short,1028.2414129603067
51.415000915527344,-1,-1,-1,-0.011359712265844868,Short,1027.6631873617655
50.647499084472656,-1,0,-1,0.01492758567320962,Short,1028.8305831732287
51.80500030517578,-1,-1,-1,-0.022854064694736165,Short,1027.294787505875
52.209999084472656,-1,-1,-1,-0.00781775459726064,Short,1029.6425736592976
52.16749954223633,-1,-1,-1,0.0008140115491587219,Short,1030.4475229556735
51.755001068115234,-1,-1,-1,0.007907192749139202,Short,1030.3636433372249
51.935001373291016,-1,-1,-1,-0.0034779306629495466,Short,1029.5489149442676
52.41999816894531,-1,-1,-1,-0.009338534376235108,Short,1029.9069849182968
52.19499969482422,-1,-1,-1,0.004292225905768721,Short,1030.868767096595
53.2599983215332,-1,-1,-1,-0.020404227089488636,Short,1030.4262949338372
52.10749816894531,-1,-1,-1,0.02163913234901349,Short,1032.5288001459182
51.005001068115234,-1,0,-1,0.021158127708521213,Short,1030.2944974098657
48.334999084472656,-1,1,-1,0.0523478468332329,Short,1028.1145871545073
49.25,-1,1,-1,-0.018930401010833542,Short,1022.7326286609696
49.7599983215332,-1,1,-1,-0.010355295868694547,Short,1024.6687025397111
50.85749816894531,-1,0,-1,-0.02205586584469743,Short,1025.7297772979302
50.247501373291016,-1,0,-1,0.011994235218333538,Short,1027.9921131340298
50.119998931884766,-1,0,-1,0.0025374881918810432,Short,1026.7591152132777
52.24250030517578,-1,-1,-1,-0.04234839222912967,Short,1026.4985763002016
50.6875,-1,0,-1,0.02976504371138844,Short,1030.845632733382
50.435001373291016,-1,0,-1,0.004981477222372077,Short,1027.7773162015817
51.625,-1,0,-1,-0.023594698013415183,Short,1027.2653312725488
52.587501525878906,-1,-1,-1,-0.01864409735358663,Short,1029.6891327996514
52.59000015258789,-1,-1,-1,-4.75136988160596e-05,Short,1031.608895243236
53.15999984741211,-1,-1,-1,-0.010838556629975127,Short,1031.6137967986704
53.1150016784668,-1,-1,-1,0.0008464666868787107,Short,1032.7319172543569
50.65999984741211,-1,0,-1,0.046220498041515845,Short,1032.6444999379137
51.622501373291016,-1,0,-1,-0.018999240599643974,Short,1027.8715656292175
51.040000915527344,-1,0,-1,0.0112838479784525,Short,1029.8244435473098
51.38249969482422,-1,0,-1,-0.006710399160527514,Short,1028.6624053007615
52.252498626708984,-1,0,-1,-0.01693181408168054,Short,1029.352678834861
52.185001373291016,-1,0,-1,0.001291751690195131,Short,1031.0955596531123
51.42499923706055,-1,0,-1,0.014563612460101405,Short,1030.962367709919
52.29750061035156,-1,0,-1,-0.016966482960338647,Short,1029.4609140714913
53.31999969482422,-1,-1,-1,-0.019551586070831517,Short,1031.207547177184
53.314998626708984,-1,-1,-1,9.379347606630617e-05,Short,1033.2237214887366
53.54249954223633,-1,-1,-1,-0.004267109094763688,Short,1033.2140305242974
54.17499923706055,-1,-1,-1,-0.011813040112654383,Short,1033.6549142229462
55.897499084472656,-1,-1,-1,-0.031795106076047075,Short,1034.875974919382
55.772499084472656,-1,-1,-1,0.0022362360042459395,Short,1038.1663740591935
54.6875,-1,-1,-1,0.019454015908975553,Short,1037.9342155567865
54.974998474121094,-1,-1,-1,-0.005257114955357078,Short,1035.9150166825953
55.17499923706055,-1,-1,-1,-0.0036380312594934683,Short,1036.4596091152634
55.692501068115234,-1,-1,-1,-0.009379281163760966,Short,1036.8366763609797
55.2400016784668,-1,-1,-1,0.008124960829017258,Short,1037.8091546318285
54.432498931884766,-1,-1,-1,0.01461807968946538,Short,1036.9659387588906
54.68000030517578,-1,-1,-1,-0.0045469412234910855,Short,1035.4500936860868
54.41999816894531,-1,-1,-1,0.004754976861363613,Short,1035.9209067576717
55.25749969482422,-1,-1,-1,-0.015389591217531917,Short,1035.428328763488
54.97249984741211,-1,-1,-1,0.005157668171489882,Short,1037.0218106349603
54.70500183105469,-1,-1,-1,0.004866033327571406,Short,1036.486949196375
55.99250030517578,-1,-1,-1,-0.02353529715796876,Short,1035.9825911925368
56.147499084472656,-1,-1,-1,-0.002768206071386059,Short,1038.4208070059567
54.7400016784668,-1,0,-1,0.025067855718530097,Short,1038.7082632842175
55.20500183105469,-1,-1,-1,-0.008494704755751092,Short,1036.1044443964522
56.752498626708984,-1,-1,-1,-0.028031822195933254,Short,1036.9845845315792
56.76499938964844,-1,-1,-1,-0.0002202680629390663,Short,1039.8914412809306
56.099998474121094,-1,-1,-1,0.011714981461773966,Short,1039.9143467682743
56.75749969482422,-1,-1,-1,-0.011720164680689482,Short,1038.696089038852
57.522499084472656,-1,-1,-1,-0.013478384244579367,Short,1039.9134579605243
59.0525016784668,-1,-1,-1,-0.026598333145215314,Short,1041.3150932772744
58.967498779296875,-1,-1,-1,0.0014394462004801989,Short,1044.0848178532874
58.83000183105469,-1,-1,-1,0.002331741231840434,Short,1043.9345274608836
58.592498779296875,1,-1,-1,0.004037107672372087,Short,1043.6911089427813
58.81999969482422,1,-1,-1,-0.003882765204882066,Short,1043.2697596044313
59.102500915527344,1,-1,-1,-0.004802808945406856,Short,1043.674836756621
60.127498626708984,1,-1,-1,-0.017342713003746235,Short,1044.1760938408281
59.9900016784668,1,-1,-1,0.002286756498816156,Short,1045.9869784729135
60.79499816894531,1,-1,-1,-0.013418844273302755,Short,1045.7477867208436
60.89500045776367,1,-1,-1,-0.0016449098088704428,Short,1047.1510593907594
61.64500045776367,1,-1,-1,-0.012316282032384551,Short,1047.3233062956556
62.26250076293945,1,-1,-1,-0.010017037887749991,Short,1048.6132192175983
60.8224983215332,1,-1,-1,0.023127924894776886,Short,1049.6636190522481
60.814998626708984,1,-1,-1,0.000123304616403197,Short,1047.235964917626
62.189998626708984,1,-1,-1,-0.022609554074644267,Short,1047.2230520147323
63.95500183105469,1,-1,-1,-0.028380820764123404,Short,1049.5907766370065
64.375,1,-1,-1,-0.006567088686117106,Short,1052.5696014077475
64.28250122070312,1,-1,-1,0.0014368742415048485,Short,1053.260833199823
64.30999755859375,1,-1,-1,-0.0004277421906191403,Short,1053.109492863742
64.85749816894531,1,-1,-1,-0.008513460288234853,Short,1053.1545387998858
65.03500366210938,1,-1,-1,-0.0027368538438174994,Short,1054.0511377342305
65.55000305175781,1,-1,-1,-0.007918803115997797,Short,1054.3396161250193
65.48999786376953,1,-1,-1,0.0009154109106738195,Short,1055.1745269087685
66.11750030517578,1,-1,-1,-0.009581653105434018,Short,1055.0779350813089
65.66000366210938,1,-1,-1,0.006919448571932718,Short,1056.0888741586234
66.44000244140625,1,-1,-1,-0.01187935936328599,Short,1055.3581188934104
66.7750015258789,1,-1,-1,-0.005042129322136768,Short,1056.6118167285401
66.57250213623047,1,-1,-1,0.0030325628606681088,Short,1057.1445740708646
65.79750061035156,1,-1,-1,0.011641466085997254,Short,1056.8239883334961
65.50250244140625,1,-1,-1,0.004483425148506304,Short,1055.5936902715907
65.44499969482422,1,-1,-1,0.0008778709887223846,Short,1055.1204227418339
66.59249877929688,1,-1,-1,-0.0175337931060211,Short,1055.0277967809604
66.07250213623047,1,-1,-1,0.007808636897524979,Short,1056.8776606919464
66.95999908447266,1,-1,-1,-0.013432167990434563,Short,1056.0523833022014
66.8125,1,-1,-1,0.002202794003724251,Short,1057.4708906041228
66.04000091552734,1,-1,-1,0.01156219396778535,Short,1057.2379515504292
64.86250305175781,1,0,0,0.017830070373192175,Short,1056.0155525238363
65.43499755859375,1,0,0,0.0,No Position,1056.0155525238363
66.3949966430664,1,-1,-1,0.0,No Position,1056.0155525238363
67.67749786376953,1,-1,-1,-0.01931623293239615,Short,1056.0155525238363
66.7300033569336,1,-1,-1,0.014000140914535386,Short,1058.0553767631145
67.12000274658203,1,-1,-1,-0.005844438334018376,Short,1056.574084326108
67.69249725341797,1,-1,-1,-0.00852941721408218,Short,1057.1915925342246
67.86499786376953,1,-1,-1,-0.002548297335017491,Short,1058.093315351019
68.7874984741211,1,-1,-1,-0.013593172318421942,Short,1058.36294898859
69.96499633789062,1,-1,-1,-0.01711790499566601,Short,1059.8015999826935
70.10250091552734,1,-1,-1,-0.001965333878853448,Short,1061.6157582929693
69.93499755859375,1,-1,-1,0.0023894062942980687,Short,1061.824401234579
70.00499725341797,1,-1,-1,-0.0010009251057108148,Short,1061.5706882438042
69.86000061035156,1,-1,-1,0.0020712327513066064,Short,1061.676943519139
71.0,1,-1,-1,-0.01631834210833838,Short,1061.4570455134667
71.06749725341797,1,-1,-1,-0.000950665541098239,Short,1063.1891674336662
72.47750091552734,1,-1,-1,-0.01984034497629028,Short,1063.290241164181
72.44999694824219,1,-1,-1,0.00037948283174404907,Short,1065.399845683643
72.87999725341797,1,-1,-1,-0.005935132136485333,Short,1065.359415588605
73.4124984741211,1,-1,-1,-0.007306548309154115,Short,1065.9917204790418
75.0875015258789,1,-1,-1,-0.022816319926071804,Short,1066.7705924793256
74.35749816894531,1,-1,-1,0.00972203551987938,Short,1069.2045703918989
74.94999694824219,1,-1,-1,-0.007968245219206693,Short,1068.1650859107622
74.59750366210938,1,-1,-1,0.0047030460371630944,Short,1069.0162260446755
75.79750061035156,1,-1,-1,-0.016086288271489613,Short,1068.5134627921193
77.40750122070312,1,-1,-1,-0.021240813976545425,Short,1070.2323043505635
77.5824966430664,1,-1,-1,-0.0022607036734636488,Short,1072.5055648794034
79.23999786376953,1,-1,-1,-0.02136437073337283,Short,1072.7480266064367
78.16999816894531,1,-1,-1,0.013503277683875936,Short,1075.0398852608282
77.83499908447266,1,-1,-1,0.004285519922216707,Short,1073.5882290516363
78.80999755859375,1,-1,-1,-0.012526478905240834,Short,1073.1281406772505
79.68250274658203,1,-1,-1,-0.011070996257037002,Short,1074.4723923789318
79.14250183105469,1,-1,-1,0.006776907061324833,Short,1075.6619403623633
79.42500305175781,1,-1,-1,-0.003569526034268966,Short,1074.9329742624393
79.80750274658203,1,-1,-1,-0.004815859995308536,Short,1075.3166743861118
79.57749938964844,1,-1,-1,0.002881976618964499,Short,1075.8345318415581
77.23750305175781,1,-1,-1,0.029405250929448234,Short,1075.524478844894
79.42250061035156,1,-1,-1,-0.02828933448469395,Short,1072.3618721267742
81.08499908447266,1,-1,-1,-0.020932336067801982,Short,1075.395512495697
80.96749877929688,1,-1,-1,0.0014491004070108504,Short,1077.6465665230335
77.37750244140625,1,0,0,0.04433873334381144,Short,1077.4904047152172
77.16500091552734,1,0,0,0.0,No Position,1077.4904047152172
79.7125015258789,1,-1,-1,0.0,No Position,1077.4904047152172
80.36250305175781,1,-1,-1,-0.008154323518098083,Short,1077.4904047152172
81.30249786376953,1,-1,-1,-0.011696932976394514,Short,1078.3690252499866
80.00749969482422,1,-1,-1,0.015928147387491265,Short,1079.6303862712036
80.38749694824219,1,-1,-1,-0.0047495204183034545,Short,1077.9107350795493
79.90249633789062,1,-1,-1,0.006033284139495332,Short,1078.4226909840863
81.80000305175781,1,-1,-1,-0.023747777614394394,Short,1077.7720479323677
81.21749877929688,1,-1,-1,0.007121078859769314,Short,1080.3315170236986
81.23750305175781,1,-1,-1,-0.0002463049559713326,Short,1079.5622044309566
79.75,1,0,0,0.018310546187148335,Short,1079.5887945830798
80.90499877929688,1,-1,-1,0.0,No Position,1079.5887945830798
80.07499694824219,1,0,0,0.010258968463974338,Short,1079.5887945830798
78.26249694824219,1,0,0,0.0,No Position,1079.5887945830798
74.54499816894531,1,1,1,0.0,No Position,1079.5887945830798
72.0199966430664,1,1,1,-0.033872179058296537,Long,1079.5887945830798
73.1624984741211,1,1,1,0.015863675150069367,Long,1075.9319920871349
68.37999725341797,1,1,1,-0.06536820530254006,Long,1077.6388156477385
68.33999633789062,1,1,1,-0.0005849797767482068,Long,1070.5944841134137
74.70249938964844,1,1,1,0.09310072274952952,Long,1070.5318565011833
72.33000183105469,1,1,1,-0.0317592795151177,Long,1080.4985854578488
75.68499755859375,1,1,1,0.04638456577639127,Long,1077.0669997987243
73.2300033569336,1,1,1,-0.03243699915243503,Long,1082.0629283084986
72.25749969482422,1,1,1,-0.013280125870939186,Long,1078.5530408796562
66.5425033569336,1,1,1,-0.07909208541712087,Long,1077.1207088655196
71.33499908447266,1,1,1,0.07202157246522778,Long,1068.6015365545054
68.85749816894531,1,1,1,-0.03473051023093954,Long,1076.2977728546468
62.057498931884766,1,1,1,-0.09875466605505201,Long,1072.5597357734803
69.49250030517578,1,1,1,0.11980826654731591,Long,1061.9677079204398
60.5525016784668,-1,1,-1,-0.12864695596573805,Long,1074.6909589419572
63.21500015258789,1,1,1,-0.04397008216537346,Short,1088.5165309891354
61.66749954223633,-1,1,-1,-0.024479958975183402,Long,1083.7303148585395
61.19499969482422,-1,1,-1,0.007662056203340817,Short,1086.3832822233294
57.310001373291016,-1,1,-1,0.06348555177559367,Short,1085.5508892466528
56.092498779296875,-1,1,-1,0.02124415572883842,Short,1078.6592095282217
61.720001220703125,-1,1,-1,-0.10032540114763622,Short,1076.3676891056655
61.380001068115234,-1,1,-1,0.0055087515531973,Short,1087.1663911248536
64.61000061035156,1,1,1,-0.052622995862315225,Short,1086.5674981702844
61.935001373291016,-1,1,-1,-0.04140224751262378,Long,1080.8496544742502
63.70249938964844,1,1,1,-0.028537950709074167,Short,1085.324614966098
63.5724983215332,1,1,1,-0.002040753021636643,Long,1082.2273209295731
60.227500915527344,-1,1,-1,-0.05261705130869221,Long,1082.0064650620448
61.23249816894531,-1,1,-1,-0.016686683626928822,Short,1087.6996640308953
60.352500915527344,-1,1,-1,0.014371408643005013,Short,1089.5146740483754
65.61750030517578,1,0,0,-0.08723746836966395,Short,1087.9488879880455
64.85749816894531,1,0,0,0.0,No Position,1087.9488879880455
66.51750183105469,1,0,0,0.0,No Position,1087.9488879880455
66.99749755859375,1,-1,-1,0.0,No Position,1087.9488879880455
68.3125,1,-1,-1,-0.01962763520019828,Short,1087.9488879880455
71.76249694824219,1,-1,-1,-0.050503157522300945,Short,1090.0842743770345
71.10749816894531,1,-1,-1,0.009127313111321755,Short,1095.5895441591792
71.67250061035156,1,-1,-1,-0.007945750532016405,Short,1094.5895652780762
70.69999694824219,1,-1,-1,0.01356871399529369,Short,1095.459298840141
69.23249816894531,1,-1,-1,0.02075670215900005,Short,1093.9729014481964
67.09249877929688,1,-1,-1,0.03091033035419699,Short,1091.7021744796587
69.0250015258789,1,-1,-1,-0.028803558993071077,Short,1088.3276869935025
68.75749969482422,1,-1,-1,0.0038754339028068685,Short,1091.4624580671136
70.74250030517578,1,-1,-1,-0.028869586869241237,Short,1091.03946900575
70.7925033569336,1,-1,-1,-0.0007068318414262809,Short,1094.1892548785734
69.6449966430664,1,-1,-1,0.016209438280229915,Short,1094.266595659163
71.93250274658203,1,-1,-1,-0.0328452324470514,Short,1092.4928509747174
73.44999694824219,1,-1,-1,-0.021096085131450115,Short,1096.081169138418
72.26750183105469,1,-1,-1,0.01609932152918625,Short,1098.3934713039305
73.29000091552734,1,-1,-1,-0.014148809057535017,Short,1096.6251323379224
74.38999938964844,1,-1,-1,-0.015008847869833364,Short,1098.1767262984367
75.15750122070312,1,-1,-1,-0.010317271640702286,Short,1099.8249630403573
75.93499755859375,1,-1,-1,-0.010344893394040211,Short,1100.9596823304485
77.53250122070312,1,-1,-1,-0.02103777854047717,Short,1102.0986133849328
78.75250244140625,1,-1,-1,-0.015735352290909388,Short,1104.4171840407487
77.85250091552734,1,-1,-1,0.011428227649636025,Short,1106.1550233874502
76.9124984741211,1,-1,-1,0.012074145728808161,Short,1104.8908842451442
77.38500213623047,1,-1,-1,-0.006143392445746132,Short,1103.5568228900634
76.92749786376953,1,-1,-1,0.005912053496561764,Short,1104.2347811549828
78.73999786376953,1,-1,-1,-0.023561145888427948,Short,1103.5819516450874
78.28500366210938,1,-1,-1,0.005778438074729886,Short,1106.182117181342
79.80750274658203,1,-1,-1,-0.01944815754296969,Short,1105.5429166949914
79.2125015258789,1,-1,-1,0.007455454690675767,Short,1107.6929939764311
79.72250366210938,1,-1,-1,-0.006438404625611405,Short,1106.867158483654
79.18250274658203,1,-1,-1,0.006773506735514134,Short,1107.5798043469658
79.52749633789062,1,-1,-1,-0.0043569422453433315,Short,1106.8295844204795
79.5625,1,-1,-1,-0.0004401454053155618,Short,1107.3118236779553
79.48500061035156,1,-1,-1,0.0009740693121563782,Short,1107.3605614990997
80.4625015258789,1,-1,-1,-0.012297929269941221,Short,1107.2526969050548
80.83499908447266,1,-1,-1,-0.004629455355348977,Short,1108.6143884401038
81.27999877929688,1,-1,-1,-0.005505037420229231,Short,1109.127616521862
80.58000183105469,1,-1,-1,0.008612167307518348,Short,1109.7381954251382
82.875,1,-1,-1,-0.02848098928760323,Short,1108.7824703244837
83.36499786376953,1,-1,-1,-0.005912493077158798,Short,1111.9403924904432
85.99749755859375,1,-1,-1,-0.03157799750833212,Short,1112.5978264777245
88.20999908447266,1,-1,-1,-0.025727510551937005,Short,1116.1111876169534
83.9749984741211,1,-1,-1,0.0480104370741008,Short,1118.9826638526085
84.69999694824219,1,-1,-1,-0.008633503867755632,Short,1113.610379175618
85.74749755859375,1,-1,-1,-0.012367185927901092,Short,1114.5718151271965
88.0199966430664,1,-1,-1,-0.026502220463282766,Short,1115.950226813964
87.89749908447266,1,-1,-1,0.0013917014685934648,Short,1118.9077427076713
87.93250274658203,1,-1,-1,-0.0003982327423870391,Short,1118.7520241527966
87.43000030517578,1,-1,-1,0.005714638224894375,Short,1118.7965765214594
89.71749877929688,1,-1,-1,-0.0261637706294926,Short,1118.1572247532524
91.63249969482422,1,-1,-1,-0.021344787155047618,Short,1121.0827456688678
90.01499938964844,1,-1,-1,0.017652037329143666,Short,1123.4756729278176
91.20999908447266,1,-1,-1,-0.013275561883319131,Short,1121.492509476127
88.40750122070312,1,-1,-1,0.030725774497311842,Short,1122.98135379725
90.44499969482422,1,-1,-1,-0.02304666963762081,Short,1119.530906613104
91.19999694824219,1,-1,-1,-0.008347584233129979,Short,1122.1110525084857
91.02749633789062,1,-1,-1,0.0018914541241646932,Short,1123.0477441614598
91.02749633789062,1,-1,-1,-0.0,Short,1122.835324832727
93.4625015258789,1,-1,-1,-0.026750215989129744,Short,1122.835324832727
93.17250061035156,1,-1,-1,0.003102858481131565,Short,1125.8389335786771
95.34249877929688,1,-1,-1,-0.023290114086561564,Short,1125.4896016903328
95.75250244140625,1,-1,-1,-0.004300324276778955,Short,1128.1108798129935
95.91999816894531,1,-1,-1,-0.0017492569203771957,Short,1128.5960040733294
95.47750091552734,1,-1,-1,0.004613190803429701,Short,1128.793424510373
97.05750274658203,1,-1,-1,-0.016548420475024583,Short,1128.2726905658806
97.7249984741211,1,-1,-1,-0.006877322295030686,Short,1130.1398036552778
96.52249908447266,1,-1,-1,0.012304931270650021,Short,1130.9170372220958
96.32749938964844,1,-1,-1,0.0020202512022980956,Short,1129.5254515805134
98.35749816894531,1,-1,-1,-0.0210739279246257,Short,1129.2972590653553
97.0,1,-1,-1,0.013801674444927303,Short,1131.6771319696575
97.27249908447266,1,-1,-1,-0.0028092689120893244,Short,1130.115228034436
92.84500122070312,1,0,0,0.04551643995416055,Short,1130.4327077921557
92.61499786376953,1,0,0,0.0,No Position,1130.4327077921557
94.80999755859375,1,-1,-1,0.0,No Position,1130.4327077921557
93.25250244140625,1,0,0,0.0164275409481468,Short,1130.4327077921557
95.04000091552734,1,0,0,0.0,No Position,1130.4327077921557
96.19000244140625,1,-1,-1,0.0,No Position,1130.4327077921557
106.26000213623047,1,-1,-1,-0.10468863124271488,Short,1130.4327077921557
108.9375,1,-1,-1,-0.02519760784812375,Short,1142.2670530812313
109.66500091552734,1,-1,-1,-0.006678149540124689,Short,1145.1452928073686
110.0625,1,-1,-1,-0.0036246667683779155,Short,1145.9100379584224
113.90249633789062,1,-1,-1,-0.03488923418867129,Short,1146.3253921618364
111.11250305175781,1,-1,-1,0.02449457541173039,Short,1150.3248336681918
112.72750091552734,1,-1,-1,-0.014534798689731954,Short,1147.5071618295647
109.375,1,-1,-1,0.029739867275506704,Short,1149.1750403887866
113.01000213623047,1,-1,-1,-0.03323430524553572,Short,1145.7574090710377
115.01000213623047,1,-1,-1,-0.017697548554941767,Short,1149.5652542180778
114.90750122070312,1,-1,-1,0.0008912347937002352,Short,1151.5997029084376
114.60749816894531,1,-1,-1,0.002610822170622251,Short,1151.497068336073
115.5625,1,-1,-1,-0.008332804103680092,Short,1151.196432928531
115.7074966430664,1,-1,-1,-0.0012547032390819446,Short,1152.155702364576
118.2750015258789,1,-1,-1,-0.02218961568871136,Short,1152.3002637137442
124.37000274658203,1,-1,-1,-0.05153245522782357,Short,1154.8571737147251
125.85749816894531,1,-1,-1,-0.011960242739515126,Short,1160.8084362746235
124.82499694824219,1,-1,-1,0.00820373228234006,Short,1162.1967913418157
126.52249908447266,1,-1,-1,-0.01359905610039247,Short,1161.2433562082595
125.01000213623047,1,-1,-1,0.011954371429482857,Short,1162.822537562988
124.80750274658203,1,-1,-1,0.0016198655002642726,Short,1161.4324563109278
129.0399932861328,1,-1,-1,-0.03391214827961697,Short,1161.2443198742412
134.17999267578125,1,-1,-1,-0.039832607385921204,Short,1165.182348830685
131.39999389648438,1,-1,-1,0.02071842995262474,Short,1169.8235739340828
120.87999725341797,1,-1,-1,0.08006086097198728,Short,1167.3998831567346
120.95999908447266,1,-1,-1,-0.0006618285313737537,Short,1158.053579182322
112.81999969482422,1,1,1,0.0672949690084228,Short,1158.1302224722783
117.31999969482422,1,0,0,0.039886545046732946,Long,1165.9238562151772
113.48999786376953,1,1,1,0.0,No Position,1165.9238562151772
112.0,1,1,1,-0.01312889146018037,Long,1165.9238562151772
115.36000061035156,1,1,1,0.03000000544956749,Long,1164.393127439269
115.54000091552734,1,1,1,0.0015603355081781345,Long,1167.8863074561307
112.12999725341797,1,1,1,-0.029513619829399818,Long,1168.0685369036346
110.33999633789062,1,1,1,-0.01596362221861003,Long,1164.621143830349
106.83999633789062,1,1,1,-0.03172013880879665,Long,1162.7619866335576
110.08000183105469,1,1,1,0.030325773158183855,Long,1159.0736894717968
111.80999755859375,1,1,1,0.015715803949514662,Long,1162.5886700498509
107.12000274658203,1,1,1,-0.0419461131778841,Long,1164.415771611094
108.22000122070312,1,1,1,0.010268842848365045,Long,1159.5315000368828
112.27999877929688,1,1,1,0.03751614778042578,Long,1160.7222047120435
114.95999908447266,1,1,1,0.023868902158110217,Long,1165.0767872884435
114.08999633789062,1,1,1,-0.007567873638749334,Long,1167.8576976726908
115.80999755859375,1,0,0,0.01507582852057543,Long,1166.973877724288
116.79000091552734,1,0,0,0.0,No Position,1166.973877724288
113.0199966430664,1,1,1,0.0,No Position,1166.973877724288
116.5,1,0,0,0.03079104105730912,Long,1166.973877724288
113.16000366210938,1,1,1,0.0,No Position,1166.973877724288
115.08000183105469,1,0,0,0.016967109462795227,Long,1166.973877724288
114.97000122070312,1,0,0,0.0,No Position,1166.973877724288
116.97000122070312,1,0,0,0.0,No Position,1166.973877724288
124.4000015258789,1,-1,-1,0.0,No Position,1166.973877724288
121.0999984741211,1,-1,-1,0.026527355396143704,Short,1166.973877724288
121.19000244140625,1,-1,-1,-0.000743220218160312,Short,1163.8782046450472
120.70999908447266,1,-1,-1,0.00396075045188371,Short,1163.964706426364
119.0199966430664,1,-1,-1,0.014000517390639566,Short,1163.5036890526685
115.9800033569336,1,0,0,0.025541870037600223,Short,1161.874723689403
117.51000213623047,1,-1,-1,0.0,No Position,1161.874723689403
116.87000274658203,1,0,0,0.005446339698866431,Short,1161.874723689403
115.75,1,0,0,0.0,No Position,1161.874723689403
115.04000091552734,1,0,0,0.0,No Position,1161.874723689403
115.05000305175781,1,0,0,0.0,No Position,1161.874723689403
116.5999984741211,1,0,0,0.0,No Position,1161.874723689403
111.19999694824219,1,1,1,0.0,No Position,1161.874723689403
115.31999969482422,1,0,0,0.03705038542851469,Long,1161.874723689403
108.86000061035156,1,1,1,0.0,No Position,1161.874723689403
108.7699966430664,1,1,1,-0.0008267863933540953,Long,1161.874723689403
110.44000244140625,1,1,1,0.01535355198934174,Long,1161.7786614681702
114.94999694824219,1,0,0,0.04083660274481349,Long,1163.562404376066
119.02999877929688,1,-1,-1,0.0,No Position,1163.562404376066
118.69000244140625,1,-1,-1,0.002856392013588449,Short,1163.562404376066
116.31999969482422,1,0,0,0.019968006553475526,Short,1163.230045340149
115.97000122070312,1,0,0,0.0,No Position,1163.230045340149
119.48999786376953,1,-1,-1,0.0,No Position,1163.230045340149
119.20999908447266,1,-1,-1,0.0023432821516667923,Short,1163.230045340149
119.26000213623047,1,-1,-1,-0.00041945350341277,Short,1162.957467719796
120.30000305175781,1,-1,-1,-0.008720450250699674,Short,1163.0062483782117
119.38999938964844,1,-1,-1,0.0075644525272193786,Short,1164.0204421912351
118.02999877929688,1,0,0,0.011391243967704412,Short,1163.1399244536683
118.63999938964844,1,0,0,0.0,No Position,1163.1399244536683
117.33999633789062,1,0,0,0.0,No Position,1163.1399244536683
113.8499984741211,1,1,1,0.0,No Position,1163.1399244536683
115.16999816894531,1,0,0,0.011594200373434838,Long,1163.1399244536683
116.02999877929688,1,0,0,0.0,No Position,1163.1399244536683
116.58999633789062,1,0,0,0.0,No Position,1163.1399244536683
119.05000305175781,1,-1,-1,0.0,No Position,1163.1399244536683
122.72000122070312,1,-1,-1,-0.030827367281542672,Short,1163.1399244536683
123.08000183105469,1,-1,-1,-0.0029335121151452537,Short,1166.7255786187643
122.94000244140625,1,-1,-1,0.0011374665873064016,Short,1167.0678389807572
122.25,1,-1,-1,0.005612513646525374,Short,1166.9350889135612
123.75,1,-1,-1,-0.012269938650306678,Short,1166.2801450024476
124.37999725341797,1,-1,-1,-0.005090886896306879,Short,1167.7111635852727
121.77999877929688,1,-1,-1,0.020903670457748325,Short,1168.3056321314095
123.23999786376953,1,-1,-1,-0.011988824922872787,Short,1165.863444538609
122.41000366210938,1,-1,-1,0.00673477942264844,Short,1167.261177810664
121.77999877929688,1,-1,-1,0.005146678081568545,Short,1166.4750531545465
127.87999725341797,1,-1,-1,-0.050090314791152,Short,1165.8747059956697
127.80999755859375,1,-1,-1,0.0005473858017489563,Short,1171.7146090987062
128.6999969482422,1,-1,-1,-0.006963456745552543,Short,1171.6504711046339
126.66000366210938,1,-1,-1,0.015850764059871847,Short,1172.4663448422782
128.22999572753906,1,-1,-1,-0.012395326227985448,Short,1170.6078961022547
131.8800048828125,1,-1,-1,-0.028464550236973585,Short,1172.058902777979
130.9600067138672,1,-1,-1,0.006976024680639181,Short,1175.3951157298607
131.97000122070312,1,-1,-1,-0.007712236217600754,Short,1174.5751571961773
136.69000244140625,1,-1,-1,-0.035765713245766495,Short,1175.4810173029396
134.8699951171875,1,-1,-1,0.013314853257091142,Short,1179.6852090020095
133.72000122070312,1,-1,-1,0.008526684497060733,Short,1178.1144754572672
132.69000244140625,1,-1,-1,0.007702653080273847,Short,1177.1099344139027
129.41000366210938,1,-1,-1,0.024719260825586842,Short,1176.2032474676894
131.00999450683594,1,-1,-1,-0.01236373386484213,Short,1173.2957599818837
126.5999984741211,1,0,0,0.0336615236823381,Short,1174.746391634
130.9199981689453,1,-1,-1,0.0,No Position,1174.746391634
132.0500030517578,1,-1,-1,-0.008631262592551314,Short,1174.746391634
128.97999572753906,1,0,0,0.023248824333729434,Short,1175.7603460925845
128.8000030517578,1,0,0,0.0,No Position,1175.7603460925845
130.88999938964844,1,-1,-1,0.0,No Position,1175.7603460925845
128.91000366210938,1,0,0,0.015127173479807188,Short,1175.7603460925845
127.13999938964844,1,0,0,0.0,No Position,1175.7603460925845
127.83000183105469,1,0,0,0.0,No Position,1175.7603460925845
132.02999877929688,1,-1,-1,0.0,No Position,1175.7603460925845
136.8699951171875,1,-1,-1,-0.03665830782882318,Short,1175.7603460925845
139.07000732421875,1,-1,-1,-0.016073736286376095,Short,1180.070484562583
142.9199981689453,1,-1,-1,-0.027683832904034755,Short,1181.9672987394026
143.16000366210938,1,-1,-1,-0.0016792995818566414,Short,1185.239437259036
142.05999755859375,1,-1,-1,0.007683752971338942,Short,1185.438474468175
137.08999633789062,1,-1,-1,0.03498522670784365,Short,1184.5276128281216
131.9600067138672,1,0,0,0.037420597863168426,Short,1180.3835161204724
134.13999938964844,1,0,0,0.0,No Position,1180.3835161204724
134.99000549316406,1,0,0,0.0,No Position,1180.3835161204724
133.94000244140625,1,0,0,0.0,No Position,1180.3835161204724
137.38999938964844,1,-1,-1,0.0,No Position,1180.3835161204724
136.75999450683594,1,-1,-1,0.004585522131241526,Short,1180.3835161204724
136.91000366210938,1,-1,-1,-0.0010968789214593766,Short,1179.84224864682
136.00999450683594,1,0,0,0.006573728224378961,Short,1179.9716630561388
135.38999938964844,1,0,0,0.0,No Position,1179.9716630561388
135.1300048828125,1,0,0,0.0,No Position,1179.9716630561388
135.3699951171875,1,0,0,0.0,No Position,1179.9716630561388
133.19000244140625,1,0,0,0.0,No Position,1179.9716630561388
130.83999633789062,1,1,1,0.0,No Position,1179.9716630561388
129.7100067138672,1,1,1,-0.008636423537534132,Long,1179.9716630561388
129.8699951171875,1,1,1,0.0012334314627955312,Long,1178.9525895516947
126.0,1,1,1,-0.029798993321709433,Long,1179.0980052734044
125.86000061035156,1,1,1,-0.0011111062670511318,Long,1175.584411914926
125.3499984741211,1,1,1,-0.004052138358153767,Long,1175.4537919941733
120.98999786376953,1,1,1,-0.0347826139882379,Long,1174.9774818542955
121.26000213623047,1,1,1,0.002231624739467808,Long,1170.8906030346745
127.79000091552734,1,1,1,0.05385121774911972,Long,1171.1519018783688
125.12000274658203,1,1,1,-0.02089363917220921,Long,1177.4586974869035
122.05999755859375,1,1,1,-0.024456562666370862,Long,1174.9985577703565
120.12999725341797,1,1,1,-0.015811898605432195,Long,1172.1249151842558
121.41999816894531,1,1,1,0.01073837463598748,Long,1170.2715631530764
116.36000061035156,1,1,1,-0.04167351041756073,Long,1171.5282446001745
121.08999633789062,1,1,1,0.04064967087253768,Long,1166.6460751495933
119.9800033569336,1,1,1,-0.009166677797724065,Long,1171.3884530475502
121.95999908447266,1,1,1,0.016502714386902317,Long,1170.314678995044
121.02999877929688,1,1,1,-0.007625453527034254,Long,1172.2460158840695
123.98999786376953,1,1,1,0.0244567389434609,Long,1171.352125132432
125.56999969482422,1,0,0,0.012742978129499427,Long,1174.2168704459552
124.76000213623047,1,1,1,0.0,No Position,1174.2168704459552
120.52999877929688,1,1,1,-0.033905124114334995,Long,1174.2168704459552
119.98999786376953,1,1,1,-0.004480220036475302,Long,1170.2356735729936
123.38999938964844,1,0,0,0.028335707862409354,Long,1169.7113822417796
122.54000091552734,1,1,1,0.0,No Position,1169.7113822417796
120.08999633789062,1,1,1,-0.019993508726392273,Long,1169.7113822417796
120.58999633789062,1,1,1,0.0041635441356262515,Long,1167.3727187689585
121.20999908447266,1,1,1,0.005141411107143501,Long,1167.8587595526906
121.38999938964844,1,0,0,0.0014850285169158983,Long,1168.4592037524844
119.9000015258789,1,1,1,0.0,No Position,1168.4592037524844
122.1500015258789,1,0,0,0.018765637792876655,Long,1168.4592037524844
123.0,1,0,0,0.0,No Position,1168.4592037524844
125.9000015258789,1,-1,-1,0.0,No Position,1168.4592037524844
126.20999908447266,1,-1,-1,-0.002462252222689809,Short,1168.4592037524844
127.9000015258789,1,-1,-1,-0.013390400551981152,Short,1168.7469078796407
130.36000061035156,1,-1,-1,-0.019233769000189582,Short,1170.3119068036806
133.0,1,-1,-1,-0.020251606146730827,Short,1172.562857691044
131.24000549316406,1,-1,-1,0.013233041404781432,Short,1174.9374858086685
134.42999267578125,1,-1,-1,-0.024306515156183428,Short,1173.382686168895
132.02999877929688,1,-1,-1,0.017853113347054084,Short,1176.2347705734317
134.5,1,-1,-1,-0.018707878842231906,Short,1174.1348253052522
134.16000366210938,1,-1,-1,0.002527853813313219,Short,1176.3313825108778
134.83999633789062,1,-1,-1,-0.005068520104500429,Short,1176.0340231337777
133.11000061035156,1,-1,-1,0.012829989428388311,Short,1176.6300983427607
133.5,1,-1,-1,-0.002929902996470446,Short,1175.1204831704745
131.94000244140625,1,-1,-1,0.011685374970739737,Short,1175.46478207296
134.32000732421875,1,-1,-1,-0.01803853902359487,Short,1174.0912073986178
134.72000122070312,1,-1,-1,-0.002977917470767144,Short,1176.2090964048098
134.38999938964844,1,-1,-1,0.002449538509980198,Short,1176.5593617665556
133.5800018310547,1,-1,-1,0.0060272160300057775,Short,1176.271159019963
133.47999572753906,1,-1,-1,0.0007486607437100501,Short,1175.5621949814351
131.4600067138672,1,-1,-1,0.015133271488823707,Short,1175.474185254718
132.5399932861328,1,-1,-1,-0.008215324183090233,Short,1173.6953082573616
127.8499984741211,1,0,0,0.035385506636376296,Short,1174.6595370023122
128.10000610351562,1,0,0,0.0,No Position,1174.6595370023122
129.74000549316406,1,0,0,0.0,No Position,1174.6595370023122
130.2100067138672,1,0,0,0.0,No Position,1174.6595370023122
126.8499984741211,1,1,1,0.0,No Position,1174.6595370023122
125.91000366210938,1,1,1,-0.007410286348592199,Long,1174.6595370023122
122.7699966430664,-1,1,-1,-0.02493850311901713,Long,1173.789080649183
124.97000122070312,1,1,1,-0.017919724996269926,Short,1176.7163349140667
127.44999694824219,1,1,1,0.019844728361323005,Long,1174.6076916020388
126.2699966430664,1,1,1,-0.009258535374112142,Long,1176.9386686591351
124.8499984741211,1,1,1,-0.011245729046459818,Long,1175.848995829441
124.69000244140625,1,1,1,-0.0012815060846637083,Long,1174.526667908776
127.30999755859375,1,1,1,0.021012070461853494,Long,1174.3761516016236
125.43000030517578,1,1,1,-0.014767082628783457,Long,1176.843759046241
127.0999984741211,1,1,1,0.01331418452429367,Long,1175.1059041431406
126.9000015258789,1,1,1,-0.0015735401309459052,Long,1176.6704618274755
126.8499984741211,1,1,1,-0.0003940350760958111,Long,1176.485308008217
125.27999877929688,1,1,1,-0.012376820762394547,Long,1176.4389503604305
124.61000061035156,1,1,1,-0.005348005870638883,Long,1174.9828929577793
124.27999877929688,1,1,1,-0.002648277260559384,Long,1174.3545114168355
125.05999755859375,1,1,1,0.006276140867059743,Long,1174.0435097819934
123.54000091552734,-1,1,-1,-0.012154139395007202,Long,1174.7803560271384
125.88999938964844,1,0,0,-0.019022166559055975,Short,1176.2082004477054
125.9000015258789,1,0,0,0.0,No Position,1176.2082004477054
126.73999786376953,1,0,0,0.0,No Position,1176.2082004477054
127.12999725341797,1,0,0,0.0,No Position,1176.2082004477054
126.11000061035156,1,0,0,0.0,No Position,1176.2082004477054
127.3499984741211,1,0,0,0.0,No Position,1176.2082004477054
130.47999572753906,1,-1,-1,0.0,No Position,1176.2082004477054
129.63999938964844,1,-1,-1,0.006437740384699686,Short,1176.2082004477054
130.14999389648438,1,-1,-1,-0.003933928642679829,Short,1175.4509881444217
131.7899932861328,1,-1,-1,-0.012600841079968284,Short,1175.9134021754544
130.4600067138672,1,-1,-1,0.010091711359132227,Short,1177.395151965916
132.3000030517578,1,-1,-1,-0.014103911108376721,Short,1176.2069587629878
133.97999572753906,1,-1,-1,-0.012698357044814257,Short,1177.8658706021326
133.6999969482422,1,-1,-1,0.002089855114387973,Short,1179.3615667397132
133.41000366210938,1,-1,-1,0.0021689849869261923,Short,1179.115097259517
133.11000061035156,1,-1,-1,0.00224872980678148,Short,1178.8593489651355
134.77999877929688,1,-1,-1,-0.012546000760933262,Short,1178.5942553495333
136.3300018310547,1,-1,-1,-0.011500245331623304,Short,1180.072919791978
136.9600067138672,1,-1,-1,-0.0046211756352296796,Short,1181.4300326006592
137.27000427246094,1,-1,-1,-0.002263416642797056,Short,1181.9759921687973
139.9600067138672,1,-1,-1,-0.01959643299833358,Short,1182.2435225820034
142.02000427246094,1,-1,-1,-0.01471847284778427,Short,1184.5602981798027
144.57000732421875,1,-1,-1,-0.01795523852305836,Short,1186.303790038335
143.24000549316406,1,-1,-1,0.009199707848613237,Short,1188.4338267894295
145.11000061035156,1,-1,-1,-0.013054977977341231,Short,1187.3405023890423
144.5,1,-1,-1,0.004203711720665804,Short,1188.8905728000716
145.63999938964844,1,-1,-1,-0.007889269132515198,Short,1188.3907974765248
149.14999389648438,1,-1,-1,-0.024100484218248397,Short,1189.3283509601144
148.47999572753906,1,-1,-1,0.004492109932034749,Short,1192.1946898753774
146.38999938964844,1,-1,-1,0.014075945568625792,Short,1191.6591429146465
142.4499969482422,1,-1,-1,0.026914423511397723,Short,1189.9817699914443
146.14999389648438,1,-1,-1,-0.025974005107115117,Short,1186.7790026586051
145.39999389648438,1,-1,-1,0.005131714206784155,Short,1189.8615430462123
146.8000030517578,1,-1,-1,-0.009628674099327439,Short,1189.2509401077566
148.55999755859375,1,-1,-1,-0.011989063148829748,Short,1190.3960310802183
148.99000549316406,1,-1,-1,-0.002894506876931713,Short,1191.823204399092
146.77000427246094,1,-1,-1,0.014900336524955593,Short,1192.168178445214
144.97999572753906,1,-1,-1,0.012196010716187922,Short,1190.3918077398962
145.63999938964844,1,-1,-1,-0.0045523774421245555,Short,1188.9400046155304
145.86000061035156,1,-1,-1,-0.001510582406104799,Short,1189.4812549812355
145.52000427246094,1,-1,-1,0.002330977214232255,Short,1189.660935926852
147.36000061035156,1,-1,-1,-0.012644284523559701,Short,1189.3836286734213
146.9499969482422,1,-1,-1,0.00278232668574363,Short,1190.8875191742823
147.05999755859375,1,-1,-1,-0.0007485580989179397,Short,1190.5561753618506
146.13999938964844,1,0,0,0.006255937605185613,Short,1190.645295408579
146.08999633789062,1,0,0,0.0,No Position,1190.645295408579
145.60000610351562,1,0,0,0.0,No Position,1190.645295408579
145.86000061035156,1,0,0,0.0,No Position,1190.645295408579
148.88999938964844,1,-1,-1,0.0,No Position,1190.645295408579
149.10000610351562,1,-1,-1,-0.0014104823341263284,Short,1190.645295408579
151.1199951171875,1,-1,-1,-0.013547880154139325,Short,1190.8132338241173
150.19000244140625,1,-1,-1,0.006154001494375949,Short,1192.4265333218987
146.36000061035156,1,0,0,0.025501043803157875,Short,1191.692713855099
146.6999969482422,1,0,0,0.0,No Position,1191.692713855099
148.19000244140625,1,0,0,0.0,No Position,1191.692713855099
149.7100067138672,1,0,0,0.0,No Position,1191.692713855099
149.6199951171875,1,0,0,0.0,No Position,1191.692713855099
148.36000061035156,1,0,0,0.0,No Position,1191.692713855099
147.5399932861328,1,0,0,0.0,No Position,1191.692713855099
148.60000610351562,1,0,0,0.0,No Position,1191.692713855099
153.1199951171875,1,-1,-1,0.0,No Position,1191.692713855099
151.8300018310547,1,-1,-1,0.008424721311841354,Short,1191.692713855099
152.50999450683594,1,-1,-1,-0.004478644981759983,Short,1190.688745954741
153.64999389648438,1,-1,-1,-0.007474915944589711,Short,1191.2220131724318
154.3000030517578,1,-1,-1,-0.0042304535053308,Short,1192.1124416144128
156.69000244140625,1,-1,-1,-0.01548930228372547,Short,1192.6167592401505
155.11000061035156,1,-1,-1,0.010083616098260806,Short,1194.4640393894013
154.07000732421875,1,-1,-1,0.006704875778740793,Short,1193.259587707763
148.97000122070312,1,0,0,0.03310187486902216,Short,1192.4595219770258
149.5500030517578,1,0,0,0.0,No Position,1192.4595219770258
148.1199951171875,1,0,0,0.0,No Position,1192.4595219770258
149.02999877929688,1,0,0,0.0,No Position,1192.4595219770258
148.7899932861328,1,0,0,0.0,No Position,1192.4595219770258
146.05999755859375,1,1,1,0.0,No Position,1192.4595219770258
142.94000244140625,1,1,1,-0.02136105141269684,Long,1192.4595219770258
143.42999267578125,1,1,1,0.003427943374884501,Long,1189.9123030613746
145.85000610351562,1,1,1,0.016872436389261614,Long,1190.320198260972
146.8300018310547,1,0,0,0.0067192025130498045,Long,1192.328558443773
146.9199981689453,1,0,0,0.0,No Position,1192.328558443773
145.3699951171875,1,1,1,0.0,No Position,1192.328558443773
141.91000366210938,1,1,1,-0.0238012765446467,Long,1192.328558443773
142.8300018310547,1,1,1,0.006482969101571312,Long,1189.490664268613
141.5,1,1,1,-0.009311781936598096,Long,1190.261807390919
142.64999389648438,1,1,1,0.00812716534617941,Long,1189.1534615511305
139.13999938964844,1,1,1,-0.02460564077824645,Long,1190.1199062315313
141.11000061035156,1,1,1,0.014158410445197056,Long,1187.191539941954
142.0,1,1,1,0.00630713192402288,Long,1188.8724144519103
143.2899932861328,1,1,1,0.009084459761498742,Long,1189.6222519677883
142.89999389648438,1,1,1,-0.00272174895611621,Long,1190.702959515727
142.80999755859375,1,1,1,-0.0006297854565047167,Long,1190.3788800620162
141.50999450683594,1,1,1,-0.009103025516294383,Long,1190.3039117313767
140.91000366210938,1,1,1,-0.004239918507647045,Long,1189.2203750433132
143.75999450683594,1,0,0,0.02022561046524851,Long,1188.7161552955315
144.83999633789062,1,0,0,0.0,No Position,1188.7161552955315
146.5500030517578,1,0,0,0.0,No Position,1188.7161552955315
148.75999450683594,1,-1,-1,0.0,No Position,1188.7161552955315
149.25999450683594,1,-1,-1,-0.003361118704377386,Short,1188.7161552955315
149.47999572753906,1,-1,-1,-0.0014739463272126496,Short,1189.1156969059075
148.69000244140625,1,-1,-1,0.005284943194491021,Short,1189.290966177316
148.63999938964844,1,-1,-1,0.0003362906109138919,Short,1188.6624326575193
149.32000732421875,1,-1,-1,-0.004574865025313457,Short,1188.6224590559543
148.85000610351562,1,-1,-1,0.0031476104851951847,Short,1189.166237787578
152.57000732421875,1,-1,-1,-0.02499160946030532,Short,1188.791934575708
149.8000030517578,1,-1,-1,0.0181556278395828,Short,1191.7629169515556
148.9600067138672,1,-1,-1,0.005607452074619768,Short,1189.5991965522367
150.02000427246094,1,-1,-1,-0.007115987586049588,Short,1188.9321345039693
151.49000549316406,1,-1,-1,-0.009798701365408391,Short,1189.778177134948
150.9600067138672,1,-1,-1,0.003498572579567205,Short,1190.9440052398306
151.27999877929688,1,-1,-1,-0.0021197141706292832,Short,1190.5273448357775
150.44000244140625,1,-1,-1,0.005552593499925207,Short,1190.7797026041146
150.80999755859375,1,-1,-1,-0.0024594197765426262,Short,1190.1185110404624
147.9199981689453,1,0,0,0.01916318172822462,Short,1190.4112111407107
147.8699951171875,1,0,0,0.0,No Position,1190.4112111407107
149.99000549316406,1,0,0,0.0,No Position,1190.4112111407107
150.0,1,0,0,0.0,No Position,1190.4112111407107
151.0,1,-1,-1,0.0,No Position,1190.4112111407107
153.49000549316406,1,-1,-1,-0.016490102603735624,Short,1190.4112111407107
157.8699951171875,1,-1,-1,-0.02853599235957094,Short,1192.3742114419456
160.5500030517578,1,-1,-1,-0.016976043690765552,Short,1195.7767695806913
161.02000427246094,1,-1,-1,-0.002927444483147079,Short,1197.8067254491716
161.41000366210938,1,-1,-1,-0.0024220555167078217,Short,1198.1573767182008
161.94000244140625,1,-1,-1,-0.003283555958565998,Short,1198.4475770866172
156.80999755859375,1,-1,-1,0.031678429081589354,Short,1198.8410940548945
160.24000549316406,1,-1,-1,-0.02187365594013646,Short,1195.0433537970832
165.3000030517578,1,-1,-1,-0.031577617231232535,Short,1197.6573505125336
164.77000427246094,1,-1,-1,0.003206284147078464,Short,1201.4392670513994
163.75999450683594,1,-1,-1,0.006129815739731703,Short,1201.054051483837
161.83999633789062,1,-1,-1,0.011724464053185835,Short,1200.3178274809316
165.32000732421875,1,-1,-1,-0.021502787105003085,Short,1198.9105191588617
171.17999267578125,1,-1,-1,-0.035446316791349686,Short,1201.4885109240038
175.0800018310547,1,-1,-1,-0.02278308985945654,Short,1205.7473451619417
174.55999755859375,1,-1,-1,0.0029700951966102895,Short,1208.4944101732042
179.4499969482422,1,-1,-1,-0.028013287454401015,Short,1208.1354758289256
175.74000549316406,1,-1,-1,0.020674235264256824,Short,1211.519860465751
174.3300018310547,1,-1,-1,0.008023236702153325,Short,1209.015135803492
179.3000030517578,1,-1,-1,-0.02850915601733095,Short,1208.0451143423884
172.25999450683594,1,-1,-1,0.039263850669816525,Short,1211.4891490064645
171.13999938964844,1,-1,-1,0.006501771466984829,Short,1206.7323761029952
169.75,1,-1,-1,0.00812200183829448,Short,1205.9477862898718
172.99000549316406,1,-1,-1,-0.01908692484927288,Short,1204.9683152761586
175.63999938964844,1,-1,-1,-0.01531876878626437,Short,1207.2682292441018
176.27999877929688,1,-1,-1,-0.0036438134358485197,Short,1209.1176155307812
180.3300018310547,1,-1,-1,-0.022974830268908786,Short,1209.5581954320805
179.2899932861328,1,-1,-1,0.00576725189575622,Short,1212.3371348561225
179.3800048828125,1,-1,-1,-0.0005020447322792165,Short,1211.637949492193
178.1999969482422,1,-1,-1,0.006578257901939555,Short,1211.6987791371903
177.57000732421875,1,-1,-1,0.0035352953693170708,Short,1210.9016924303273
182.00999450683594,1,-1,-1,-0.025004150472947684,Short,1210.4736029157327
179.6999969482422,1,-1,-1,0.012691597320536152,Short,1213.5002893268163
174.9199981689453,1,0,0,0.02659988236212174,Short,1211.9601636247673
172.0,1,0,0,0.0,No Position,1211.9601636247673
172.1699981689453,1,0,0,0.0,No Position,1211.9601636247673
172.19000244140625,1,0,0,0.0,No Position,1211.9601636247673
175.0800018310547,1,0,0,0.0,No Position,1211.9601636247673
175.52999877929688,1,0,0,0.0,No Position,1211.9601636247673
172.19000244140625,1,0,0,0.0,No Position,1211.9601636247673
173.07000732421875,1,0,0,0.0,No Position,1211.9601636247673
169.8000030517578,1,1,1,0.0,No Position,1211.9601636247673
166.22999572753906,1,1,1,-0.021024777738847034,Long,1211.9601636247673
164.50999450683594,1,1,1,-0.010347117036099251,Long,1209.4120443179127
162.41000366210938,1,1,1,-0.01276512622240289,Long,1208.1606515211702
161.6199951171875,1,1,1,-0.00486428500159064,Long,1206.6184191998093
159.77999877929688,1,1,1,-0.011384707297859231,Long,1206.0314856118937
159.69000244140625,1,1,1,-0.0005632515870458432,Long,1204.6584540663243
159.22000122070312,1,1,1,-0.0029432100539642514,Long,1204.5906014877141
170.3300018310547,1,0,0,0.06977766942076213,Long,1204.2360651707932
174.77999877929688,1,0,0,0.0,No Position,1204.2360651707932
174.61000061035156,1,0,0,0.0,No Position,1204.2360651707932
175.83999633789062,1,-1,-1,0.0,No Position,1204.2360651707932
172.89999389648438,1,0,0,0.016719759455390393,Short,1204.2360651707932
172.38999938964844,1,0,0,0.0,No Position,1204.2360651707932
171.66000366210938,1,0,0,0.0,No Position,1204.2360651707932
174.8300018310547,1,0,0,0.0,No Position,1204.2360651707932
176.27999877929688,1,-1,-1,0.0,No Position,1204.2360651707932
172.1199951171875,1,0,0,0.02359884099680365,Short,1204.2360651707932
168.63999938964844,1,0,0,0.0,No Position,1204.2360651707932
168.8800048828125,1,0,0,0.0,No Position,1204.2360651707932
172.7899932861328,1,0,0,0.0,No Position,1204.2360651707932
172.5500030517578,1,0,0,0.0,No Position,1204.2360651707932
168.8800048828125,1,0,0,0.0,No Position,1204.2360651707932
167.3000030517578,1,0,0,0.0,No Position,1204.2360651707932
164.32000732421875,1,1,1,0.0,No Position,1204.2360651707932
160.07000732421875,1,1,1,-0.02586416632525068,Long,1204.2360651707932
162.74000549316406,1,1,1,0.01668019020913314,Long,1201.1214089823488
164.85000610351562,1,1,1,0.012965469700934706,Long,1203.1249023389576
165.1199951171875,1,0,0,0.0016377858882354879,Long,1204.684810285729
163.1999969482422,1,1,1,0.0,No Position,1204.684810285729
166.55999755859375,1,0,0,0.02058823941900667,Long,1204.684810285729
166.22999572753906,1,0,0,0.0,No Position,1204.684810285729
163.1699981689453,1,1,1,0.0,No Position,1204.684810285729
159.3000030517578,1,1,1,-0.02371756548762427,Long,1204.684810285729
157.44000244140625,1,1,1,-0.011676086470301161,Long,1201.8275911977394
162.9499969482422,1,1,1,0.034997423916368176,Long,1200.4243269100175
158.52000427246094,1,1,1,-0.027186209013482565,Long,1204.6255028148566
154.72999572753906,1,1,1,-0.02390870831928371,Long,1201.350582744607
150.6199951171875,-1,1,-1,-0.026562403695717718,Long,1198.4783086774028
155.08999633789062,1,1,1,-0.029677342754030223,Short,1201.6617551429679
159.58999633789062,1,1,1,0.02901541109199557,Long,1198.095542364789
160.6199951171875,1,1,1,0.006454030972694147,Long,1201.5718658337091
163.97999572753906,1,0,0,0.020918943546848645,Long,1202.34736403751
165.3800048828125,1,0,0,0.0,No Position,1202.34736403751
168.82000732421875,1,-1,-1,0.0,No Position,1202.34736403751
170.2100067138672,1,-1,-1,-0.008233617636201895,Short,1202.34736403751
174.07000732421875,1,-1,-1,-0.02267787120671727,Short,1203.337330883648
174.72000122070312,1,-1,-1,-0.003734094727035453,Short,1206.0662437844494
175.60000610351562,1,-1,-1,-0.005036657947940837,Short,1206.5166003445865
178.9600067138672,1,-1,-1,-0.019134399166084615,Short,1207.1242814870313
177.77000427246094,1,-1,-1,0.006649544014093012,Short,1209.434041271536
174.61000061035156,1,-1,-1,0.017775797863323284,Short,1208.6298227825782
174.30999755859375,1,-1,-1,0.0017181321270783867,Short,1206.4813868404415
178.44000244140625,1,-1,-1,-0.023693448113463633,Short,1206.2740973972961
175.05999755859375,1,-1,-1,0.018941968373500706,Short,1209.132176671026
171.8300018310547,1,-1,-1,0.018450792714411857,Short,1206.8418423260375
172.13999938964844,1,-1,-1,-0.0018040944846089424,Short,1204.6151234588538
170.08999633789062,1,0,0,0.01190892912179875,Short,1204.8324474088847
165.75,1,0,0,0.0,No Position,1204.8324474088847
167.66000366210938,1,0,0,0.0,No Position,1204.8324474088847
170.39999389648438,1,0,0,0.0,No Position,1204.8324474088847
165.2899932861328,1,0,0,0.0,No Position,1204.8324474088847
165.07000732421875,1,0,0,0.0,No Position,1204.8324474088847
167.39999389648438,1,0,0,0.0,No Position,1204.8324474088847
167.22999572753906,1,0,0,0.0,No Position,1204.8324474088847
166.4199981689453,1,0,0,0.0,No Position,1204.8324474088847
161.7899932861328,1,1,1,0.0,No Position,1204.8324474088847
162.8800048828125,1,1,1,0.006737200333224225,Long,1204.8324474088847
156.8000030517578,-1,1,-1,-0.03732810442527357,Long,1205.644167165501
156.57000732421875,-1,1,-1,0.001466809458308127,Short,1210.1446083026685
163.63999938964844,1,1,1,-0.04515546870218534,Short,1209.9671031469306
157.64999389648438,-1,1,-1,-0.036604775821961866,Long,1204.5034399812482
157.9600067138672,-1,1,-1,-0.0019664626031408172,Short,1208.9124978209777
159.47999572753906,1,1,1,-0.009622619328101267,Short,1209.1502259427211
166.02000427246094,1,0,0,0.0410083315784322,Long,1207.9867067092478
156.77000427246094,-1,1,-1,0.0,No Position,1207.9867067092478
157.27999877929688,-1,1,-1,-0.0032531383104996703,Short,1207.9867067092478
152.05999755859375,-1,1,-1,0.03318922470255159,Short,1208.3796814926648
154.50999450683594,-1,1,-1,-0.01611204121779708,Short,1204.369163015159
146.5,-1,1,-1,0.05184127106082803,Short,1206.3096475747534
142.55999755859375,-1,1,-1,0.026894214617107504,Short,1200.0559850324319
147.11000061035156,-1,1,-1,-0.03191640803646689,Short,1196.8285287110311
145.5399932861328,-1,1,-1,0.010672335787539122,Short,1200.6483754782337
149.24000549316406,-1,1,-1,-0.02542264929033622,Short,1199.367003215647
140.82000732421875,-1,1,-1,0.056419176219683176,Short,1202.4161118849622
137.35000610351562,-1,1,-1,0.024641393553644142,Short,1195.63217923438
137.58999633789062,-1,1,-1,-0.0017472895792529641,Short,1192.6859749269884
143.11000061035156,-1,1,-1,-0.04011922682885327,Short,1192.8943717045195
140.36000061035156,-1,1,-1,0.019215987619813357,Short,1197.680171692647
140.52000427246094,-1,1,-1,-0.0011399519906925004,Short,1195.3787109574728
143.77999877929688,-1,1,-1,-0.02319950475175747,Short,1195.5149783915915
149.63999938964844,-1,1,-1,-0.04075671623385313,Short,1198.288513933791
148.83999633789062,-1,1,-1,0.005346184543042365,Short,1203.1723444266595
148.7100067138672,-1,1,-1,0.0008733514325567349,Short,1202.5291062876206
151.2100067138672,-1,0,-1,-0.016811242600575316,Short,1202.424083235854
145.3800048828125,-1,1,-1,0.03855566147871903,Short,1204.445507533059
146.13999938964844,-1,1,-1,-0.005227641225136415,Short,1199.8016882072582
148.7100067138672,-1,0,-1,-0.017585926747997416,Short,1200.4289014839842
147.9600067138672,-1,0,-1,0.005043372780172639,Short,1202.5399669567519
142.63999938964844,-1,1,-1,0.0359557115626985,Short,1201.93348122311
137.1300048828125,-1,1,-1,0.038628677302390724,Short,1197.6118438662693
131.8800048828125,-1,1,-1,0.03828483784046022,Short,1192.9856277212461
132.75999450683594,-1,1,-1,-0.006672653862921818,Short,1188.4183015909155
135.42999267578125,-1,1,-1,-0.020111466401181888,Short,1189.2112919880033
130.05999755859375,-1,1,-1,0.039651446559871295,Short,1191.6029702822755
131.55999755859375,-1,1,-1,-0.011533138767930717,Short,1186.8780921326022
135.8699951171875,-1,1,-1,-0.032760699593918474,Short,1188.2469351063205
135.35000610351562,-1,1,-1,0.003827107031419197,Short,1192.1397151947617
138.27000427246094,-1,1,-1,-0.021573683319320303,Short,1191.683470566116
141.66000366210938,-1,0,-1,-0.024517243689154977,Short,1194.2543707472023
141.66000366210938,-1,0,-1,-0.0,Short,1197.1823532906471
137.44000244140625,-1,1,-1,0.029789645006425114,Short,1197.1823532906471
139.22999572753906,-1,0,-1,-0.013023815878466127,Short,1193.6159895593987
136.72000122070312,-1,1,-1,0.01802768500939822,Short,1195.1705330471602
138.92999267578125,-1,0,-1,-0.016164360995803317,Short,1193.0159172569313
141.55999755859375,-1,0,-1,-0.018930432746441683,Short,1194.9443512529592
142.9199981689453,-1,0,-1,-0.009607238159132114,Short,1197.2064326206728
146.35000610351562,-1,-1,-1,-0.02399949607133145,Short,1198.356617353056
147.0399932861328,-1,-1,-1,-0.004714637197412497,Short,1201.232612846078
144.8699951171875,-1,-1,-1,0.014757877230874183,Short,1201.7989504420048
145.86000061035156,-1,-1,-1,-0.006833751132270249,Short,1200.0253503053232
145.49000549316406,-1,-1,-1,0.0025366455206311533,Short,1200.8454177649635
148.47000122070312,-1,-1,-1,-0.0204824772494705,Short,1200.540805849969
150.1699981689453,-1,-1,-1,-0.011450103955445545,Short,1202.9998108242573
147.07000732421875,-1,-1,-1,0.020643210245224752,Short,1204.3772581134892
151.0,-1,-1,-1,-0.026721917998667744,Short,1201.891036818109
153.0399932861328,-1,-1,-1,-0.013509889312137924,Short,1205.1027201910276
155.35000610351562,-1,-1,-1,-0.015094177461599134,Short,1206.7308006269814
154.08999633789062,-1,-1,-1,0.008110780277571505,Short,1208.5522615122854
152.9499969482422,-1,-1,-1,0.0073982699509488326,Short,1207.5720313275767
151.60000610351562,-1,-1,-1,0.0088263541788981,Short,1206.678636940279
156.7899932861328,-1,-1,-1,-0.034234742570348864,Short,1205.6135796373044
157.35000610351562,-1,-1,-1,-0.0035717382573059453,Short,1209.7409666911244
162.50999450683594,1,-1,-1,-0.03279306134837845,Short,1210.1730545003404
161.50999450683594,1,-1,-1,0.00615346768692393,Short,1214.1415824221788
160.00999450683594,1,-1,-1,0.009287350944318873,Short,1213.3944643227003
166.1300048828125,1,-1,-1,-0.038247675683253046,Short,1212.2675423002945
165.80999755859375,1,-1,-1,0.0019262464022948844,Short,1216.9041838802182
165.35000610351562,1,-1,-1,0.0027742082012610636,Short,1216.6697781496046
164.8699951171875,1,-1,-1,0.0029029995077690662,Short,1216.3322486219276
164.9199981689453,1,-1,-1,-0.0003032877615012364,Short,1215.9791474300243
169.24000549316406,1,-1,-1,-0.026194563256017656,Short,1216.0160265893899
168.49000549316406,1,-1,-1,0.0044315763156265175,Short,1219.2013274622725
172.10000610351562,1,-1,-1,-0.021425606817361276,Short,1218.6610290895962
173.19000244140625,1,-1,-1,-0.006333505515595528,Short,1221.2720842948877
173.02999877929688,1,-1,-1,0.0009238620004263787,Short,1222.0455776430802
174.5500030517578,1,-1,-1,-0.00878462857992468,Short,1221.932677495883
174.14999389648438,1,-1,-1,0.0022916594000563784,Short,1223.0060999680304
171.52000427246094,1,-1,-1,0.015101864577650947,Short,1222.7258286254987
167.57000732421875,1,-1,-1,0.023029365962279114,Short,1220.8792846375488
167.22999572753906,1,-1,-1,0.0020290719210975805,Short,1218.0676770533805
167.52999877929688,1,-1,-1,-0.001793954789346408,Short,1217.82052236123
170.02999877929688,1,-1,-1,-0.014922700520600518,Short,1218.0389938570954
163.6199951171875,1,0,0,0.03769925135640162,Short,1219.8566369698697
161.3800048828125,1,0,0,0.0,No Position,1219.8566369698697
158.91000366210938,-1,1,-1,0.0,No Position,1219.8566369698697
157.22000122070312,-1,1,-1,0.010634965719336975,Short,1219.8566369698697
157.9600067138672,-1,1,-1,-0.004706815210650195,Short,1218.5593236182017
155.80999755859375,-1,1,-1,0.013611098150736467,Short,1219.1328769741503
154.52999877929688,-1,1,-1,0.008215126110989845,Short,1217.4735032494218
155.9600067138672,-1,1,-1,-0.00925391798269981,Short,1216.4733334128236
154.4600067138672,-1,1,-1,0.009617850316921195,Short,1217.599047858378
157.3699951171875,-1,1,-1,-0.01883975318420772,Short,1216.4279793195453
163.42999267578125,1,0,0,-0.038507960517385253,Short,1218.7196996092198
153.83999633789062,-1,1,-1,0.0,No Position,1218.7196996092198
155.30999755859375,-1,1,-1,-0.009555390377639084,Short,1218.7196996092198
152.3699951171875,-1,1,-1,0.018929898188280392,Short,1219.8842338582883
150.6999969482422,-1,1,-1,0.010960151095764759,Short,1217.5750054234456
154.47999572753906,-1,1,-1,-0.025082938658552933,Short,1216.2405248204589
156.89999389648438,-1,1,-1,-0.01566544689199456,Short,1219.2912134682706
153.72000122070312,-1,1,-1,0.02026764053209118,Short,1221.2012876433168
152.74000549316406,-1,1,-1,0.006375199842290069,Short,1218.7262007717886
150.42999267578125,-1,1,-1,0.015123823060790742,Short,1217.9492384634932
150.77000427246094,-1,1,-1,-0.0022602646628622214,Short,1216.1072335855386
151.75999450683594,-1,1,-1,-0.0065662280713738586,Short,1216.382106006171
149.83999633789062,-1,1,-1,0.012651543479456517,Short,1217.1808102391683
142.47999572753906,-1,1,-1,0.049119065604851575,Short,1215.6408886448583
138.1999969482422,-1,1,-1,0.030039296095161427,Short,1209.6697741887297
142.4499969482422,-1,1,-1,-0.030752533240588242,Short,1206.0360113363074
146.10000610351562,-1,1,-1,-0.02562309044204225,Short,1209.7448775891041
146.39999389648438,-1,1,-1,-0.0020533044519943644,Short,1212.8446178301303
145.42999267578125,-1,1,-1,0.0066256916744750205,Short,1213.0936517554671
140.08999633789062,-1,1,-1,0.03671867294799025,Short,1212.2898933045876
140.4199981689453,-1,1,-1,-0.0023556416566585803,Short,1207.8385256935471
138.97999572753906,-1,1,-1,0.01025496695758199,Short,1208.1230491681113
138.33999633789062,-1,1,-1,0.004604974883602009,Short,1206.8841229731202
142.99000549316406,-1,1,-1,-0.0336129050048255,Short,1206.3283558657492
138.3800048828125,-1,1,-1,0.03224001981433555,Short,1210.3831759087834
142.41000366210938,-1,1,-1,-0.02912269574429982,Short,1206.4808981513597
143.75,-1,1,-1,-0.009409425626236034,Short,1209.994495763177
143.86000061035156,-1,1,-1,-0.0007652216372282528,Short,1211.133031084781
143.38999938964844,-1,1,-1,0.003267073673773546,Short,1211.2257096048756
147.27000427246094,-1,0,-1,-0.027059103837980825,Short,1210.829993241991
149.4499969482422,-1,0,-1,-0.014802693097965003,Short,1214.1063906937186
152.33999633789062,-1,-1,-1,-0.019337567404898115,Short,1215.9035951226904
149.35000610351562,-1,0,-1,0.019627086164182295,Short,1218.2548568955447
144.8000030517578,-1,0,-1,0.03046536903791064,Short,1215.8637775909224
155.74000549316406,-1,-1,-1,-0.07555250145606562,Short,1212.1596037225088
153.33999633789062,-1,-1,-1,0.015410357458724877,Short,1221.3177727450316
150.64999389648438,-1,-1,-1,0.0175427318745901,Short,1219.435678400162
145.02999877929688,-1,0,-1,0.03730498071609045,Short,1217.2964550857137
138.8800048828125,-1,1,-1,0.04240497792352105,Short,1212.75533300744
138.3800048828125,-1,1,-1,0.003600230288167805,Short,1207.6126466951587
138.9199981689453,-1,1,-1,-0.003902249364639898,Short,1207.177878332458
139.5,-1,1,-1,-0.004175078021159573,Short,1207.6489492433311
134.8699951171875,-1,1,-1,0.03318999915994625,Short,1208.1531521018574
146.8699951171875,-1,-1,-1,-0.08897457132383879,Short,1204.1432918915227
149.6999969482422,-1,-1,-1,-0.019268754171310798,Short,1214.8571052123752
148.27999877929688,-1,-1,-1,0.009485625904429806,Short,1217.197983503736
150.0399932861328,-1,-1,-1,-0.011869399253607638,Short,1216.0433950314216
148.7899932861328,-1,-1,-1,0.00833111207633952,Short,1217.4867654879556
150.72000122070312,-1,-1,-1,-0.01297135574741759,Short,1216.4724636184815
151.2899932861328,-1,-1,-1,-0.003781794458686649,Short,1218.0503933267348
148.00999450683594,-1,0,-1,0.02168020969565021,Short,1218.5110349495233
150.17999267578125,-1,-1,-1,-0.014661159715434469,Short,1215.8692774741064
151.07000732421875,-1,-1,-1,-0.0059263196953200925,Short,1217.6518828411201
148.11000061035156,-1,0,-1,0.01959360938875554,Short,1218.3735022746525
144.22000122070312,-1,0,-1,0.02626425881856731,Short,1215.9862688253345
141.1699981689453,-1,1,-1,0.021148266717113118,Short,1212.7925710169093
148.02999877929688,-1,0,-1,-0.04859389884061516,Short,1210.2277249404694
148.30999755859375,-1,0,-1,-0.0018915002472865705,Short,1216.108693304456
147.80999755859375,-1,0,-1,0.0033713168918532155,Short,1216.3387202938673
146.6300048828125,-1,0,-1,0.00798317228381984,Short,1215.9286539664731
142.91000366210938,-1,1,-1,0.025369986338581674,Short,1214.9579571735283
140.94000244140625,-1,1,-1,0.013784907775671984,Short,1211.875610495984
142.64999389648438,-1,1,-1,-0.012132761639400691,Short,1210.2050511433565
142.16000366210938,-1,1,-1,0.0034349124103753015,Short,1211.6733640853886
144.49000549316406,-1,0,-1,-0.01638999557563814,Short,1211.2571648978267
145.47000122070312,-1,0,-1,-0.006782446468835079,Short,1213.2424148551902
143.2100067138672,-1,0,-1,0.015535811424151502,Short,1214.0652900284376
136.5,-1,1,-1,0.04685431463789913,Short,1212.1791410881888
134.50999450683594,-1,1,-1,0.014578794821714758,Short,1206.4995588007844
132.3699951171875,-1,1,-1,0.01590959391154889,Short,1204.7406278487597
132.3000030517578,-1,1,-1,0.0005287608069164396,Short,1202.823934432978
135.4499969482422,-1,1,-1,-0.023809477126406797,Short,1202.760333817563
132.22999572753906,-1,1,-1,0.02377261936693542,Short,1205.6240432832208
131.86000061035156,-1,1,-1,0.0027981178941416385,Short,1202.757959135161
130.02999877929688,-1,1,-1,0.01387836965405731,Short,1202.4214132783832
126.04000091552734,-1,1,-1,0.03068521034551308,Short,1200.75264839304
129.61000061035156,-1,1,-1,-0.02832433885189234,Short,1197.068113634153
129.92999267578125,-1,1,-1,-0.00246888406699175,Short,1200.4587299220898
125.06999969482422,-1,1,-1,0.03740470449409117,Short,1200.7551092652284
126.36000061035156,-1,1,-1,-0.010314231379827232,Short,1196.2637202620447
125.0199966430664,-1,1,-1,0.010604653061194957,Short,1197.4975743422522
129.6199951171875,-1,1,-1,-0.036794101724815675,Short,1196.2276697104999
130.14999389648438,-1,1,-1,-0.004088865910060413,Short,1200.6290819670367
130.72999572753906,-1,1,-1,-0.004456410743407302,Short,1201.1200030994248
133.49000549316406,-1,0,-1,-0.02111229140844828,Short,1201.6552715080181
133.41000366210938,-1,0,-1,0.0005993095195339082,Short,1204.1922411344756
134.75999450683594,-1,0,-1,-0.010119112567793076,Short,1204.1200727471296
135.94000244140625,-1,0,-1,-0.008756366745847899,Short,1205.3385354032564
135.2100067138672,-1,0,-1,0.005369984658148752,Short,1206.3939740301457
135.27000427246094,-1,0,-1,-0.00044373608175840573,Short,1205.7461423169232
137.8699951171875,-1,-1,-1,-0.01922074933545259,Short,1205.7996456238018
141.11000061035156,-1,-1,-1,-0.02350043960188808,Short,1208.117282897533
142.52999877929688,-1,-1,-1,-0.010063058343160014,Short,1210.956411621406
141.86000061035156,-1,-1,-1,0.00470075194473818,Short,1212.175004123523
143.9600067138672,-1,-1,-1,-0.014803370185255682,Short,1211.6051907227234
145.92999267578125,-1,-1,-1,-0.013684258613779976,Short,1213.398774738388
143.0,-1,-1,-1,0.020078070464177533,Short,1215.0592210019045
144.2899932861328,-1,-1,-1,-0.009020932070858745,Short,1212.619616536162
145.42999267578125,-1,-1,-1,-0.007900751560697472,Short,1213.7135124550184
150.82000732421875,1,-1,-1,-0.03706260688917107,Short,1214.6724373477953
154.5,1,-1,-1,-0.024399897209064214,Short,1219.1743300522485
151.72999572753906,1,-1,-1,0.01792883024246561,Short,1222.149102885569
154.64999389648438,1,-1,-1,-0.019244699473851767,Short,1219.9579325059071
151.9199981689453,1,-1,-1,0.017652737376545935,Short,1222.305704884089
150.8699951171875,1,-1,-1,0.006911552556695955,Short,1220.1480007238717
151.00999450683594,1,-1,-1,-0.0009279472007650558,Short,1219.3046890204766
153.85000610351562,1,-1,-1,-0.01880677902118011,Short,1219.4178340577823
153.1999969482422,1,-1,-1,0.004224953717818392,Short,1221.7111662317434
155.3300018310547,1,-1,-1,-0.013903426404976438,Short,1221.1949989183563
153.7100067138672,1,-1,-1,0.010429376798369527,Short,1222.8928783977149
152.5500030517578,1,-1,-1,0.007546702305912589,Short,1221.6174773364296
148.47999572753906,1,-1,-1,0.026679824600448265,Short,1220.6955589931138
148.91000366210938,1,-1,-1,-0.0028960664530148783,Short,1217.4387646526654
149.39999389648438,1,-1,-1,-0.0032905125399556034,Short,1217.7913430091564
146.7100067138672,-1,0,-1,0.018005269695533066,Short,1218.1920587776785
147.9199981689453,1,0,0,-0.008247504598905886,Short,1215.9986711217537
147.41000366210938,1,0,0,0.0,No Position,1215.9986711217537
145.30999755859375,-1,0,-1,0.0,No Position,1215.9986711217537
145.91000366210938,-1,0,-1,-0.0041291453691869595,Short,1215.9986711217537
151.02999877929688,1,0,0,-0.035090089703815774,Short,1216.5007746499336
153.8300018310547,1,-1,-1,0.0,No Position,1216.5007746499336
151.60000610351562,1,0,0,0.014496494188358522,Short,1216.5007746499336
152.8699951171875,1,-1,-1,0.0,No Position,1216.5007746499336
150.58999633789062,1,0,0,0.014914625839747453,Short,1216.5007746499336
148.5,1,0,0,0.0,No Position,1216.5007746499336
150.47000122070312,1,0,0,0.0,No Position,1216.5007746499336
152.58999633789062,1,0,0,0.0,No Position,1216.5007746499336
152.99000549316406,1,0,0,0.0,No Position,1216.5007746499336
155.85000610351562,1,-1,-1,0.0,No Position,1216.5007746499336
155.0,1,-1,-1,0.00545400109224925,Short,1216.5007746499336
157.39999389648438,1,-1,-1,-0.015483831590221708,Short,1215.8372949945674
159.27999877929688,1,-1,-1,-0.011944122971497162,Short,1217.719876986248
157.8300018310547,1,-1,-1,0.009103446505241086,Short,1219.174336581804
158.92999267578125,1,-1,-1,-0.006969466083539766,Short,1218.0644677464404
160.25,1,-1,-1,-0.008305589788276002,Short,1218.9133936459928
158.27999877929688,1,-1,-1,0.012293299349161457,Short,1219.9257731094986
157.64999389648438,1,-1,-1,0.003980318976947728,Short,1218.4260818382393
160.77000427246094,1,-1,-1,-0.019790742129842442,Short,1217.9411093926844
162.36000061035156,1,-1,-1,-0.009889881791605992,Short,1220.351505235217
164.89999389648438,1,-1,-1,-0.015644205941022005,Short,1221.5584184483155
166.1699981689453,1,-1,-1,-0.00770166355044366,Short,1223.469449595035
165.6300048828125,1,-1,-1,0.003249643690696802,Short,1224.4117246015378
163.75999450683594,1,-1,-1,0.011290287513422759,Short,1224.013834417971
164.66000366210938,1,-1,-1,-0.005495903672834368,Short,1222.6318876068726
162.02999877929688,1,-1,-1,0.01597233586979263,Short,1223.303834315035
160.8000030517578,1,-1,-1,0.007591160506113748,Short,1221.3499323437863
160.10000610351562,1,-1,-1,0.004353214769634461,Short,1220.422786006731
165.55999755859375,1,-1,-1,-0.03410363052421039,Short,1219.8915097570068
165.2100067138672,1,-1,-1,0.0021139819394035975,Short,1224.0517826898442
165.22999572753906,1,-1,-1,-0.0001209915432451858,Short,1223.7930203536941
166.47000122070312,1,-1,-1,-0.0075047238711354325,Short,1223.8078272143086
167.6300048828125,1,-1,-1,-0.006968244450070493,Short,1224.7262611957665
166.64999389648438,1,-1,-1,0.0058462742813449875,Short,1225.5796803930098
165.02000427246094,1,-1,-1,0.00978091619394783,Short,1224.8631728964876
165.3300018310547,1,-1,-1,-0.001878545331279513,Short,1223.6651444921722
163.77000427246094,1,0,0,0.0094356592349637,Short,1223.8950155365958
163.75999450683594,1,0,0,0.0,No Position,1223.8950155365958
168.41000366210938,1,-1,-1,0.0,No Position,1223.8950155365958
169.67999267578125,1,-1,-1,-0.007541054486406518,Short,1223.8950155365958
169.58999633789062,1,-1,-1,0.0005303886243240852,Short,1224.817961436376
168.5399932861328,1,-1,-1,0.006191420923589042,Short,1224.7529984850146
167.4499969482422,1,-1,-1,0.006467285993302041,Short,1223.9947023509096
165.7899932861328,1,0,0,0.009913429037699317,Short,1223.2031099714707
173.57000732421875,1,-1,-1,0.0,No Position,1223.2031099714707
173.5,1,-1,-1,0.0004033376808469935,Short,1223.2031099714707
171.77000427246094,1,-1,-1,0.009971156931060876,Short,1223.1537735809127
173.55999755859375,1,-1,-1,-0.010420872338650744,Short,1221.9341477581931
173.75,1,-1,-1,-0.0010947363682816125,Short,1223.2075097341958
172.57000732421875,1,-1,-1,0.006791324752697836,Short,1223.341418708882
172.07000732421875,1,-1,-1,0.002897374855299284,Short,1222.5106078230942
172.07000732421875,1,-1,-1,-0.0,Short,1222.1564006735498
172.69000244140625,1,-1,-1,-0.0036031562201266354,Short,1222.1564006735498
175.0500030517578,1,-1,-1,-0.013666110237923634,Short,1222.5967627172552
175.16000366210938,1,-1,-1,-0.0006283953638037687,Short,1224.2675769308373
174.1999969482422,1,-1,-1,0.005480741572254533,Short,1224.3445093377773
171.55999755859375,1,0,0,0.015154991021227304,Short,1223.6734777526683
171.83999633789062,1,0,0,0.0,No Position,1223.6734777526683
172.99000549316406,1,0,0,0.0,No Position,1223.6734777526683
175.42999267578125,1,-1,-1,0.0,No Position,1223.6734777526683
177.3000030517578,1,-1,-1,-0.010659581907596527,Short,1223.6734777526683
177.25,1,-1,-1,0.0002820251037627397,Short,1224.977862519094
180.08999633789062,1,-1,-1,-0.016022546335066945,Short,1224.9433150682157
180.9499969482422,1,-1,-1,-0.004775393568990927,Short,1226.9059861705668
179.5800018310547,1,-1,-1,0.0075711253953729685,Short,1227.4918820661783
179.2100067138672,1,-1,-1,0.002060335858196427,Short,1226.5625325700858
177.82000732421875,1,-1,-1,0.007756259904993845,Short,1226.3098194932684
180.57000732421875,1,-1,-1,-0.01546507640721173,Short,1225.3586617248648
180.9600067138672,1,-1,-1,-0.002159823746078704,Short,1227.253688257846
183.7899932861328,1,-1,-1,-0.015638740424785524,Short,1227.5187534236823
183.30999755859375,1,-1,-1,0.002611653218746124,Short,1229.4384381388172
183.9499969482422,1,-1,-1,-0.003491350161869189,Short,1229.1173514533957
186.00999450683594,1,-1,-1,-0.011198682211304156,Short,1229.546479359791
184.9199981689453,1,-1,-1,0.005859880490725833,Short,1230.9234093884288
185.00999450683594,1,-1,-1,-0.0004866771511018442,Short,1230.2021029812036
183.9600067138672,1,-1,-1,0.0056753030870986265,Short,1230.2619741066794
187.0,1,-1,-1,-0.016525294494369236,Short,1229.5637631487207
186.67999267578125,1,-1,-1,0.0017112691134693048,Short,1231.5956534772845
185.27000427246094,1,-1,-1,0.007552970101992296,Short,1231.3848943170767
188.05999755859375,1,-1,-1,-0.015059066345298966,Short,1230.4548329879945
189.25,1,-1,-1,-0.006327780797909854,Short,1232.3077830844804
189.58999633789062,1,-1,-1,-0.0017965460390521049,Short,1233.0875604371722
193.97000122070312,1,-1,-1,-0.023102510509079632,Short,1233.309090294423
192.4600067138672,1,-1,-1,0.007784680606965799,Short,1236.15834391637
191.3300018310547,1,-1,-1,0.005871375056598072,Short,1235.1960341276676
191.80999755859375,1,-1,-1,-0.002508732153585047,Short,1234.470804209189
190.67999267578125,1,-1,-1,0.0058912720775532446,Short,1234.7804998691072
188.61000061035156,1,-1,-1,0.010855843008916843,Short,1234.0530570810286
188.0800018310547,1,0,0,0.002810024800285138,Short,1232.713388455794
189.77000427246094,1,-1,-1,0.0,No Position,1232.713388455794
190.5399932861328,1,-1,-1,-0.004057485357729984,Short,1232.713388455794
190.69000244140625,1,-1,-1,-0.0007872843526774975,Short,1233.2135601081877
193.99000549316406,1,-1,-1,-0.017305590274832694,Short,1233.310649082126
193.72999572753906,1,-1,-1,0.0013403255748356546,Short,1235.4449659595864
195.10000610351562,1,-1,-1,-0.007071751438550322,Short,1235.2793761111686
193.1300048828125,1,-1,-1,0.010097391896840224,Short,1236.1529349816713
191.94000244140625,1,0,0,0.006161665258219817,Short,1234.9047429187774
192.75,1,-1,-1,0.0,No Position,1234.9047429187774
193.6199951171875,1,-1,-1,-0.004513593344682265,Short,1234.9047429187774
194.5,1,-1,-1,-0.00454501035536059,Short,1235.4621287016728
193.22000122070312,1,0,0,0.006580970587644619,Short,1236.0236475185334
195.8300018310547,1,-1,-1,0.0,No Position,1236.0236475185334
196.4499969482422,1,-1,-1,-0.003165986372825502,Short,1236.0236475185334
195.61000061035156,1,-1,-1,0.004275878599845129,Short,1236.4149709209867
192.5800018310547,1,0,0,0.015489999334607263,Short,1235.8862948895178
191.1699981689453,1,0,0,0.0,No Position,1235.8862948895178
181.99000549316406,1,1,1,0.0,No Position,1235.8862948895178
178.85000610351562,1,1,1,-0.017253691383433578,Long,1235.8862948895178
179.8000030517578,1,1,1,0.005311696482092065,Long,1233.7539348178138
178.19000244140625,1,1,1,-0.00895439701348677,Long,1234.4092674613478
177.97000122070312,1,1,1,-0.0012346440186814522,Long,1233.3039283955502
177.7899932861328,1,1,1,-0.0010114509936260951,Long,1233.1516592637092
179.4600067138672,1,1,1,0.009393180104611876,Long,1233.026932016604
177.4499969482422,1,1,1,-0.01120032146677552,Long,1234.185136421231
176.57000732421875,1,1,1,-0.004959085033290345,Long,1232.8028093934875
174.0,1,1,1,-0.014555174817995509,Long,1232.1914519973814
174.49000549316406,1,1,1,0.0028161235239314575,Long,1230.397975798075
175.83999633789062,1,1,1,0.007736780344014926,Long,1230.7444710664195
177.22999572753906,1,1,1,0.007904910251348207,Long,1231.6966710296447
181.1199951171875,1,1,1,0.021948877071738204,Long,1232.6703161937821
176.3800048828125,1,1,1,-0.02617044148719283,Long,1235.375889117794
178.61000061035156,1,1,1,0.01264313224744873,Long,1232.1428558757095
180.19000244140625,1,1,1,0.008846099466185864,Long,1233.700670383168
184.1199951171875,1,0,0,0.02181027039532446,Long,1234.792014267339
187.64999389648438,1,0,0,0.0,No Position,1234.792014267339
187.8699951171875,1,-1,-1,0.0,No Position,1234.792014267339
189.4600067138672,1,-1,-1,-0.008463361036912254,Short,1234.792014267339
189.6999969482422,1,-1,-1,-0.0012667065653462206,Short,1235.837063329563
182.91000366210938,1,0,0,0.03579332311737149,Short,1235.9936076217448
177.55999755859375,1,1,1,0.0,No Position,1235.9936076217448
178.17999267578125,1,1,1,0.0034917499758519988,Long,1235.9936076217448
179.36000061035156,1,0,0,0.006622561359722834,Long,1236.4251856867015
176.3000030517578,1,1,1,0.0,No Position,1236.4251856867015
174.2100067138672,1,1,1,-0.011854771989295187,Long,1236.4251856867015
175.74000549316406,1,1,1,0.008782496529087691,Long,1234.9594318208879
175.00999450683594,1,1,1,-0.004153926047057777,Long,1236.044034513241
177.97000122070312,1,0,0,0.016913358132535583,Long,1235.5305909622136
179.07000732421875,1,0,0,0.0,No Position,1235.5305909622136
175.49000549316406,1,1,1,0.0,No Position,1235.5305909622136
173.92999267578125,1,1,1,-0.008889468166570769,Long,1235.5305909622136
174.7899932861328,1,1,1,0.0049445216268977354,Long,1234.4322699764953
176.0800018310547,1,0,0,0.00738033408360006,Long,1235.0426376820792
171.9600067138672,1,1,1,0.0,No Position,1235.0426376820792
170.42999267578125,1,1,1,-0.008897499292564004,Long,1235.0426376820792
170.69000244140625,1,1,1,0.0015256103784480057,Long,1233.9437585825729
171.2100067138672,1,1,1,0.003046483478957418,Long,1234.1320103230244
173.75,1,1,1,0.014835542237771948,Long,1234.5079866010544
172.39999389648438,1,1,1,-0.007769819300809333,Long,1236.3394461388632
173.66000366210938,1,1,1,0.00730864159068112,Long,1235.378832729767
174.91000366210938,1,0,0,0.007197972898999483,Long,1236.2817268414806
177.49000549316406,1,0,0,0.0,No Position,1236.2817268414806
178.99000549316406,1,0,0,0.0,No Position,1236.2817268414806
178.38999938964844,1,0,0,0.0,No Position,1236.2817268414806
179.8000030517578,1,0,0,0.0,No Position,1236.2817268414806
180.7100067138672,1,0,0,0.0,No Position,1236.2817268414806
178.85000610351562,1,0,0,0.0,No Position,1236.2817268414806
178.72000122070312,1,0,0,0.0,No Position,1236.2817268414806
177.14999389648438,1,0,0,0.0,No Position,1236.2817268414806
175.83999633789062,1,0,0,0.0,No Position,1236.2817268414806
175.4600067138672,1,0,0,0.0,No Position,1236.2817268414806
172.8800048828125,1,0,0,0.0,No Position,1236.2817268414806
173.0,1,0,0,0.0,No Position,1236.2817268414806
173.44000244140625,1,0,0,0.0,No Position,1236.2817268414806
171.10000610351562,1,1,1,0.0,No Position,1236.2817268414806
166.88999938964844,-1,1,-1,-0.02460553222493822,Long,1236.2817268414806
168.22000122070312,-1,1,-1,-0.007969332110484562,Short,1239.3236638283706
170.2899932861328,-1,1,-1,-0.012305267212035398,Short,1240.3113220153136
170.77000427246094,-1,0,-1,-0.0028187856318813154,Short,1241.8375582396648
173.97000122070312,1,0,0,-0.018738635990994235,Short,1242.1876056262945
177.57000732421875,1,0,0,0.0,No Position,1242.1876056262945
176.64999389648438,1,0,0,0.0,No Position,1242.1876056262945
