Close,SMA_Signals,MeanReversion_Signals,Combined_Signals,Returns,Cumulative_Returns
39.47999954223633,-1,0,-1,0.0,1000.0
35.54750061035156,-1,0,-1,0.09960737025028876,1099.6073702502888
37.064998626708984,-1,0,-1,-0.04268930277240135,1052.6658982909103
36.98249816894531,-1,0,-1,0.002225831939036471,1055.0089556684607
37.6875,-1,0,-1,-0.01906312082634498,1034.897192473677
38.32749938964844,-1,0,-1,-0.016981741682214002,1017.3228356834405
38.45000076293945,-1,0,-1,-0.003196174424155096,1014.0712944549201
38.0724983215332,-1,0,-1,0.009818008684413626,1024.0274552304934
37.5,-1,0,-1,0.015037056846080588,1039.4258142867416
38.26750183105469,-1,0,-1,-0.020466715494791732,1018.1521818677928
38.73500061035156,-1,0,-1,-0.01221660042928363,1005.7138234857106
38.96500015258789,-1,0,-1,-0.005937770455975322,999.7421256574511
39.20500183105469,-1,0,-1,-0.006159416849145227,993.5842971638763
38.32500076293945,-1,0,-1,0.022446142762788446,1015.8864321448815
38.47999954223633,-1,0,-1,-0.004044325537150728,1011.777856704513
38.17499923706055,-1,0,-1,0.00792620345125028,1019.7974138442232
39.439998626708984,-1,0,-1,-0.03313685435310676,986.0045354719922
39.07500076293945,-1,0,-1,0.009254510052704501,995.1295243575299
38.66999816894531,-1,0,-1,0.010364749483978586,1005.4437925816064
41.3125,-1,0,-1,-0.06833467691179762,936.7371158625699
41.61000061035156,-1,0,-1,-0.007201225061459926,929.9914610678208
41.630001068115234,-1,0,-1,-0.00048066468325647094,929.5444470167553
42.8125,-1,0,-1,-0.02840497001068898,903.1407648756418
43.54499816894531,-1,0,-1,-0.017109446281934337,887.688526473977
43.560001373291016,-1,0,-1,-0.0003445448381349525,887.3826779743088
42.73500061035156,-1,0,-1,0.01893941085698192,904.189183099833
42.602500915527344,-1,0,-1,0.003100495915100643,906.9926179685121
42.35749816894531,-1,0,-1,0.0057509005649181155,912.2086423275638
42.72249984741211,-1,0,-1,-0.008617168016179066,904.3479871908166
42.54499816894531,-1,-1,-1,0.004154758712640039,908.1053348698563
42.70000076293945,-1,-1,-1,-0.0036432624436515404,904.7968688084452
42.60499954223633,-1,-1,-1,0.0022248529041146714,906.8099087496475
42.73249816894531,-1,-1,-1,-0.002992574300642481,904.0962127211553
43.00749969482422,-1,-1,-1,-0.006435418888726563,898.2779748765835
42.76499938964844,-1,-1,-1,0.005638558551334882,903.3429678332994
43.24250030517578,-1,-1,-1,-0.011165694431014783,893.2565162880668
43.557498931884766,-1,-1,-1,-0.0072844683930379794,886.7496174282911
43.58250045776367,-1,-1,-1,-0.0005739890143372506,886.2406328894195
43.717498779296875,-1,-1,-1,-0.0030975350224347054,883.4954714907399
43.287498474121094,-1,-1,-1,0.009835885336134886,892.1854316433173
43.74250030517578,-1,-1,-1,-0.010511160198520164,882.8075276445285
43.962501525878906,-1,-1,-1,-0.00502946148867256,878.3674811823302
43.88249969482422,-1,-1,-1,0.0018197743139706235,879.9659117628127
43.630001068115234,-1,-1,-1,0.005753970910156836,885.0292100210255
43.125,-1,0,-1,0.01157462882769189,895.2730946286844
43.227500915527344,-1,0,-1,-0.0023768328238225056,893.1451801510857
44.724998474121094,-1,-1,-1,-0.03464224225036916,862.2046284555421
45.227500915527344,-1,-1,-1,-0.011235381968699443,852.5174301196636
45.4275016784668,-1,-1,-1,-0.004422105110627239,848.7475084350325
45.932498931884766,-1,-1,-1,-0.011116553514043392,839.3123613376035
46.529998779296875,-1,-1,-1,-0.013008215562104963,828.3944052173847
47.005001068115234,-1,-1,-1,-0.010208517113258653,819.9377267551953
46.63249969482422,-1,-1,-1,0.007924717898659783,826.4355019341984
47.040000915527344,-1,-1,-1,-0.008738566951588034,819.2136399693773
48.772499084472656,-1,-1,-1,-0.03683031750055599,789.041741508519
47.76250076293945,-1,-1,-1,0.020708356973546005,805.3814995587057
47.185001373291016,-1,-1,-1,0.012091062662626273,815.11941773719
46.6974983215332,-1,-1,-1,0.010331737576970035,823.5410176551432
47.11750030517578,-1,-1,-1,-0.008994100299563712,816.1340071415481
47.18000030517578,-1,-1,-1,-0.0013264710478100294,815.0514290099417
47.48749923706055,-1,-1,-1,-0.006517569518774025,809.7392746599933
47.810001373291016,-1,-1,-1,-0.006791305952341675,804.2400875041501
48.505001068115234,-1,-1,-1,-0.014536701001068852,792.5490898190288
48.837501525878906,-1,-1,-1,-0.00685497269233637,787.1161874509834
48.92250061035156,-1,-1,-1,-0.0017404470297812669,785.7462534204415
49.25,-1,-1,-1,-0.006694248772294742,780.4862725281465
50.025001525878906,-1,-1,-1,-0.01573607159144985,768.2044846674999
49.875,-1,-1,-1,0.002998531160489981,770.5079697524036
50.154998779296875,-1,-1,-1,-0.0056140106124686895,766.1823298332218
49.73749923706055,-1,-1,-1,0.008324186071133277,772.560174111168
49.717498779296875,-1,-1,-1,0.00040212029294728335,772.870836234701
49.807498931884766,-1,-1,-1,-0.0018102309005409989,771.471761564822
49.8125,-1,-1,-1,-0.00010040793499932477,771.3942996783329
50.782501220703125,-1,-1,-1,-0.01947304834535757,756.3729011873636
50.96500015258789,-1,-1,-1,-0.0035937365725964288,753.6546962298457
51.13249969482422,-1,-1,-1,-0.0032865602224043666,751.1777646837885
51.869998931884766,-1,-1,-1,-0.014423297148822956,740.3433045721656
51.790000915527344,-1,-1,-1,0.0015422791209707132,741.4851205931576
51.31999969482422,-1,-1,-1,0.009075134435114762,748.2141977441779
51.07500076293945,-1,-1,-1,0.004773946479767366,751.7861322796107
51.15250015258789,-1,-1,-1,-0.0015173644344743664,750.6453987401586
50.16749954223633,-1,0,-1,0.019256157712981836,765.0999449248231
52.630001068115234,-1,-1,-1,-0.04908559422631198,727.5445594856697
52.287498474121094,-1,-1,-1,0.006507744386150871,732.2792335083373
52.9375,-1,-1,-1,-0.012431298969114213,723.1760514277213
52.119998931884766,-1,-1,-1,0.015442759256013905,734.3438850896343
50.71500015258789,-1,0,-1,0.026956999387760083,754.139592750401
50.724998474121094,-1,0,-1,-0.00019714722474861723,753.9909162226171
50.18000030517578,-1,0,-1,0.010744173195458284,762.0919252143152
49.29499816894531,-1,1,-1,0.017636551033244685,775.5325983453812
46.43000030517578,-1,1,-1,0.0581194435579554,820.6061214222701
47.165000915527344,-1,1,-1,-0.015830295186744392,807.6156842881062
47.72999954223633,-1,1,-1,-0.01197919253136237,797.9411005146709
47.52000045776367,-1,1,-1,0.004399729446609935,801.4518254712657
47.25,-1,1,-1,0.005681827760158575,806.0055367016582
45.772499084472656,-1,1,-1,0.03126986064608139,831.2092175142892
46.650001525878906,-1,1,-1,-0.019170953278885294,815.274144440344
45.69499969482422,-1,1,-1,0.020471635580224024,831.9641396233058
44.915000915527344,-1,1,-1,0.01706967468007714,846.1654968321658
44.74250030517578,-1,1,-1,0.003840601287663059,849.4152811288754
44.557498931884766,-1,1,-1,0.004134801855711578,852.927445009557
44.345001220703125,-1,1,-1,0.004769067301252372,856.9951133978929
44.57500076293945,-1,1,-1,-0.005186594563198366,852.5502272020558
43.76750183105469,-1,1,-1,0.018115511341867174,867.9946105124461
43.32500076293945,-1,1,-1,0.010110265598966883,876.7702665631987
44.90999984741211,-1,1,-1,-0.036583936677699436,844.6945586503609
45.6349983215332,-1,1,-1,-0.016143363985401393,831.0583469335802
46.30500030517578,-1,1,-1,-0.014681757604589007,818.8569497286309
47.537498474121094,-1,0,-1,-0.026616956285983484,797.0614700932301
48.14500045776367,-1,0,-1,-0.012779426834445218,786.8754813536184
48.70249938964844,-1,-1,-1,-0.011579580986271765,777.7637929911726
48.54750061035156,-1,-1,-1,0.0031825631382240704,780.2390753689916
48.537498474121094,-1,-1,-1,0.0002060278305725527,780.3998263330177
48.185001373291016,-1,-1,-1,0.007262366457101654,786.0673758549066
48.47249984741211,-1,-1,-1,-0.005966555275029206,781.3772614069711
49.61249923706055,-1,-1,-1,-0.023518477347714173,763.0004579845524
49.467498779296875,-1,-1,-1,0.002922659813423767,765.2304487607278
49.8650016784668,-1,-1,-1,-0.008035637721312883,759.0813341011689
49.69499969482422,-1,-1,-1,0.003409244518605692,761.6692279786292
49.64500045776367,-1,-1,-1,0.0010061220921137037,762.4355602157816
48.89250183105469,-1,-1,-1,0.015157591293592287,773.9922468252335
49.95000076293945,-1,-1,-1,-0.021629061559150564,757.2515208723453
49.935001373291016,-1,-1,-1,0.00030028807646320654,757.4789144749469
49.47999954223633,-1,-1,-1,0.009111881817190803,764.3809728226566
50.38750076293945,-1,-1,-1,-0.018340768575158872,750.3616382968614
50.682498931884766,-1,-1,-1,-0.005854590215403022,745.9685783912748
51.102500915527344,-1,-1,-1,-0.008286923346203734,739.7867939634698
51.057498931884766,-1,-1,-1,0.0008806219428862949,740.4382664472915
50.005001068115234,-1,-1,-1,0.02061397220364547,755.7016402903515
50.310001373291016,-1,-1,-1,-0.00609939603361509,751.0923167029681
50.807498931884766,-1,-1,-1,-0.009888641324066194,743.6650341818305
50.4375,-1,-1,-1,0.007282368541321138,749.0806770320368
50.82500076293945,-1,-1,-1,-0.007682790838948295,743.3256468689018
51.3025016784668,-1,-1,-1,-0.009395000656360564,736.3421019286787
51.125,-1,-1,-1,0.0034599029805461035,738.8897741618434
50.837501525878906,-1,-1,-1,0.0056234420365983695,743.0448779782778
51.415000915527344,-1,-1,-1,-0.011359712265844868,734.6041019638348
50.647499084472656,-1,0,-1,0.01492758567320962,745.5699676317911
51.80500030517578,-1,-1,-1,-0.022854064694736165,728.5306633570817
52.209999084472656,-1,-1,-1,-0.00781775459726064,722.8351894143765
52.16749954223633,-1,-1,-1,0.0008140115491587219,723.4235856066981
51.755001068115234,-1,-1,-1,0.007907192749139202,729.1438353373636
51.935001373291016,-1,-1,-1,-0.0034779306629495466,726.6079236347431
52.41999816894531,-1,-1,-1,-0.009338534376235108,719.8224705618352
52.19499969482422,-1,-1,-1,0.004292225905768721,722.9121112175352
53.2599983215332,-1,-1,-1,-0.020404227089488636,708.1616483345109
52.10749816894531,-1,-1,-1,0.02163913234901349,723.4856519673169
51.005001068115234,-1,0,-1,0.021158127708521213,738.7932537869243
48.334999084472656,-1,1,-1,0.0523478468332329,777.467489877588
49.25,-1,1,-1,-0.018930401010833542,762.7497185213191
49.7599983215332,-1,1,-1,-0.010355295868694547,754.8512195122674
50.85749816894531,-1,0,-1,-0.02205586584469743,738.2023222819986
50.247501373291016,-1,0,-1,0.011994235218333538,747.0564945741689
50.119998931884766,-1,0,-1,0.0025374881918810432,748.9521416078187
52.24250030517578,-1,-1,-1,-0.04234839222912967,717.2352225541641
50.6875,-1,0,-1,0.02976504371138844,738.5837603048363
50.435001373291016,-1,0,-1,0.004981477222372077,742.2629984836088
51.625,-1,0,-1,-0.023594698013415183,724.7495271878561
52.587501525878906,-1,-1,-1,-0.01864409735358663,711.2372264459998
52.59000015258789,-1,-1,-1,-4.75136988160596e-05,711.2034329346358
53.15999984741211,-1,-1,-1,-0.010838556629975127,703.495014251341
53.1150016784668,-1,-1,-1,0.0008464666868787107,704.0904993452899
50.65999984741211,-1,0,-1,0.046220498041515845,736.6339128913288
51.622501373291016,-1,0,-1,-0.018999240599643974,722.6384279464493
51.040000915527344,-1,0,-1,0.0112838479784525,730.7925701107849
51.38249969482422,-1,0,-1,-0.006710399160527514,725.8886602617938
52.252498626708984,-1,0,-1,-0.01693181408168054,713.5980484222409
52.185001373291016,-1,0,-1,0.001291751690195131,714.5198399074103
51.42499923706055,-1,0,-1,0.014563612460101405,724.9258299508755
52.29750061035156,-1,0,-1,-0.016966482960338647,712.6263882095046
53.31999969482422,-1,-1,-1,-0.019551586070831517,698.6934120440808
53.314998626708984,-1,-1,-1,9.379347606630617e-05,698.758944927901
53.54249954223633,-1,-1,-1,-0.004267109094763688,695.7772642789517
54.17499923706055,-1,-1,-1,-0.011813040112654383,687.5580195465515
55.897499084472656,-1,-1,-1,-0.031795106076047075,665.6970393816321
55.772499084472656,-1,-1,-1,0.0022362360042459395,667.1856950690171
54.6875,-1,-1,-1,0.019454015908975553,680.1651361951308
54.974998474121094,-1,-1,-1,-0.005257114955357078,676.5894298855268
55.17499923706055,-1,-1,-1,-0.0036380312594934683,674.1279763897604
55.692501068115234,-1,-1,-1,-0.009379281163760966,667.8051405588436
55.2400016784668,-1,-1,-1,0.008124960829017258,673.2310311673007
54.432498931884766,-1,-1,-1,0.01461807968946538,683.0723760303251
54.68000030517578,-1,-1,-1,-0.0045469412234910855,679.9664860851248
54.41999816894531,-1,-1,-1,0.004754976861363613,683.1997109929622
55.25749969482422,-1,-1,-1,-0.015389591217531917,672.6855467208446
54.97249984741211,-1,-1,-1,0.005157668171489882,676.1550355545879
54.70500183105469,-1,-1,-1,0.004866033327571406,679.4452284922017
55.99250030517578,-1,-1,-1,-0.02353529715796876,663.4542831370738
56.147499084472656,-1,-1,-1,-0.002768206071386059,661.6177049624068
54.7400016784668,-1,0,-1,0.025067855718530097,678.2030421312295
55.20500183105469,-1,-1,-1,-0.008494704755751092,672.4419075238725
56.752498626708984,-1,-1,-1,-0.028031822195933254,653.5921355350691
56.76499938964844,-1,-1,-1,-0.0002202680629390663,653.4481700614226
56.099998474121094,-1,-1,-1,0.011714981461773966,661.1033032599224
56.75749969482422,-1,-1,-1,-0.011720164680689482,653.3550636747683
57.522499084472656,-1,-1,-1,-0.013478384244579367,644.5488930784181
59.0525016784668,-1,-1,-1,-0.026598333145215314,627.4049668919386
58.967498779296875,-1,-1,-1,0.0014394462004801989,628.3080825876935
58.83000183105469,-1,-1,-1,0.002331741231840434,629.7731344501619
58.592498779296875,1,-1,-1,0.004037107672372087,632.3155964031046
58.81999969482422,1,-1,-1,-0.003882765204882066,629.8604634068863
59.102500915527344,1,-1,-1,-0.004802808945406856,626.8353639388777
60.127498626708984,1,-1,-1,-0.017342713003746235,615.9643381214869
59.9900016784668,1,-1,-1,0.002286756498816156,617.3728985747252
60.79499816894531,1,-1,-1,-0.013418844273302755,609.0884677901935
60.89500045776367,1,-1,-1,-0.0016449098088704428,608.0865721950555
61.64500045776367,1,-1,-1,-0.012316282032384551,600.5972064717952
62.26250076293945,1,-1,-1,-0.010017037887749991,594.5810014992904
60.8224983215332,1,-1,-1,0.023127924894776886,608.3324262458272
60.814998626708984,1,-1,-1,0.000123304616403197,608.407436442291
62.189998626708984,1,-1,-1,-0.022609554074644267,594.6516156086333
63.95500183105469,1,-1,-1,-0.028380820764123404,577.7749146889482
64.375,1,-1,-1,-0.006567088686117106,573.9806155835722
64.28250122070312,1,-1,-1,0.0014368742415048485,574.8053535452274
64.30999755859375,1,-1,-1,-0.0004277421906191403,574.5594850441222
64.85749816894531,1,-1,-1,-0.008513460288234853,569.6679956849704
65.03500366210938,1,-1,-1,-0.0027368538438174994,568.1088976412801
65.55000305175781,1,-1,-1,-0.007918803115997797,563.6101551324123
65.48999786376953,1,-1,-1,0.0009154109106738195,564.1260900177871
66.11750030517578,1,-1,-1,-0.009581653105434018,558.7208295155118
65.66000366210938,1,-1,-1,0.006919448571932718,562.5868695614121
66.44000244140625,1,-1,-1,-0.01187935936328599,555.9036979648258
66.7750015258789,1,-1,-1,-0.005042129322136768,553.1007596290332
66.57250213623047,1,-1,-1,0.0030325628606681088,554.7780724508914
65.79750061035156,1,-1,-1,0.011641466085997254,561.2365025665835
65.50250244140625,1,-1,-1,0.004483425148506304,563.7527644164501
65.44499969482422,1,-1,-1,0.0008778709887223846,564.2476666131435
66.59249877929688,1,-1,-1,-0.0175337931060211,554.3542647661934
66.07250213623047,1,-1,-1,0.007808636897524979,558.6830159323471
66.95999908447266,1,-1,-1,-0.013432167990434563,551.178691808941
66.8125,1,-1,-1,0.002202794003724251,552.3928249262383
66.04000091552734,1,-1,-1,0.01156219396778535,558.7796979144484
64.86250305175781,1,0,0,0.017830070373192175,568.7427792513741
65.43499755859375,1,0,0,0.0,568.7427792513741
66.3949966430664,1,-1,-1,0.0,568.7427792513741
67.67749786376953,1,-1,-1,-0.01931623293239615,557.7568112487362
66.7300033569336,1,-1,-1,0.014000140914535386,565.5654852022604
67.12000274658203,1,-1,-1,-0.005844438334018376,562.2600726001466
67.69249725341797,1,-1,-1,-0.00852941721408218,557.4643218581199
67.86499786376953,1,-1,-1,-0.002548297335017491,556.0437370123616
68.7874984741211,1,-1,-1,-0.013593172318421942,548.4853386785732
69.96499633789062,1,-1,-1,-0.01711790499566601,539.0964187595578
70.10250091552734,1,-1,-1,-0.001965333878853448,538.0369143038009
69.93499755859375,1,-1,-1,0.0023894062942980687,539.3225030934033
70.00499725341797,1,-1,-1,-0.0010009251057108148,538.7826816599822
69.86000061035156,1,-1,-1,0.0020712327513066064,539.8986259960732
71.0,1,-1,-1,-0.01631834210833838,531.0883755132473
71.06749725341797,1,-1,-1,-0.000950665541098239,530.5834880953691
72.47750091552734,1,-1,-1,-0.01984034497629028,520.0565286528335
72.44999694824219,1,-1,-1,0.00037948283174404907,520.2538811769938
72.87999725341797,1,-1,-1,-0.005935132136485333,517.1661056476889
73.4124984741211,1,-1,-1,-0.007306548309154115,513.387406512917
75.0875015258789,1,-1,-1,-0.022816319926071804,501.6737951999021
74.35749816894531,1,-1,-1,0.00972203551987938,506.5510856562283
74.94999694824219,1,-1,-1,-0.007968245219206693,502.5147623896641
74.59750366210938,1,-1,-1,0.0047030460371630944,504.8781124515368
75.79750061035156,1,-1,-1,-0.016086288271489613,496.7564975926758
77.40750122070312,1,-1,-1,-0.021240813976545425,486.2049852356696
77.5824966430664,1,-1,-1,-0.0022607036734636488,485.10581983949095
79.23999786376953,1,-1,-1,-0.02136437073337283,474.7418392595233
78.16999816894531,1,-1,-1,0.013503277683875936,481.15241014319867
77.83499908447266,1,-1,-1,0.004285519922216707,483.2143983824899
78.80999755859375,1,-1,-1,-0.012526478905240834,477.161423414443
79.68250274658203,1,-1,-1,-0.011070996257037002,471.87877108181925
79.14250183105469,1,-1,-1,0.006776907061324833,475.0766496576529
79.42500305175781,1,-1,-1,-0.003569526034268966,473.3808511884266
79.80750274658203,1,-1,-1,-0.004815859995308536,471.10111528464313
79.57749938964844,1,-1,-1,0.002881976618964499,472.4588176840616
77.23750305175781,1,-1,-1,0.029405250929448234,486.35158777189184
79.42250061035156,1,-1,-1,-0.02828933448469395,472.59302502825085
81.08499908447266,1,-1,-1,-0.020932336067801982,462.70054900506034
80.96749877929688,1,-1,-1,0.0014491004070108504,463.3710485589477
77.37750244140625,1,0,0,0.04433873334381144,483.9163339202451
77.16500091552734,1,0,0,0.0,483.9163339202451
79.7125015258789,1,-1,-1,0.0,483.9163339202451
80.36250305175781,1,-1,-1,-0.008154323518098083,479.9703235777675
81.30249786376953,1,-1,-1,-0.011696932976394514,474.35614287221995
80.00749969482422,1,-1,-1,0.015928147387491265,481.91175743005056
80.38749694824219,1,-1,-1,-0.0047495204183034545,479.622907698316
79.90249633789062,1,-1,-1,0.006033284139495332,482.5166089802709
81.80000305175781,1,-1,-1,-0.023747777614394394,471.05791185495576
81.21749877929688,1,-1,-1,0.007121078859769314,474.4123523927932
81.23750305175781,1,-1,-1,-0.0002463049559713326,474.29550227922476
79.75,1,0,0,0.018310546187148335,482.9801119800653
80.90499877929688,1,-1,-1,0.0,482.9801119800653
80.07499694824219,1,0,0,0.010258968463974338,487.9349897175955
78.26249694824219,1,0,0,0.0,487.9349897175955
74.54499816894531,1,1,1,0.0,487.9349897175955
72.0199966430664,1,1,1,-0.033872179058296537,471.40756837707306
73.1624984741211,1,1,1,0.015863675150069367,478.885824905091
68.37999725341797,1,1,1,-0.06536820530254006,447.58191798621874
68.33999633789062,1,1,1,-0.0005849797767482068,447.32009161575866
74.70249938964844,1,1,1,0.09310072274952952,488.96591544557157
72.33000183105469,1,1,1,-0.0317592795151177,473.43671026357026
75.68499755859375,1,1,1,0.04638456577639127,495.3968664917491
73.2300033569336,1,1,1,-0.03243699915243503,479.3276787532373
72.25749969482422,1,1,1,-0.013280125870939186,472.9621468459692
66.5425033569336,1,1,1,-0.07909208541712087,435.55458432856295
71.33499908447266,1,1,1,0.07202157246522778,466.92391038634474
68.85749816894531,1,1,1,-0.03473051023093954,450.7074047396015
62.057498931884766,1,1,1,-0.09875466605505201,406.19794549600294
69.49250030517578,1,1,1,0.11980826654731591,454.8638172209602
60.5525016784668,-1,1,-1,-0.12864695596573805,396.3469717565278
63.21500015258789,1,1,1,-0.04397008216537346,378.9195628423964
61.66749954223633,-1,1,-1,-0.024479958975183402,369.64362748912004
61.19499969482422,-1,1,-1,0.007662056203340817,372.47585773814853
57.310001373291016,-1,1,-1,0.06348555177559367,396.1226930897424
56.092498779296875,-1,1,-1,0.02124415572883842,404.5379852694678
61.720001220703125,-1,1,-1,-0.10032540114763622,363.9525496178519
61.380001068115234,-1,1,-1,0.0055087515531973,365.95747379084935
64.61000061035156,1,1,1,-0.052622995862315225,346.6996951617702
61.935001373291016,-1,1,-1,-0.04140224751262378,332.34554857013137
63.70249938964844,1,1,1,-0.028537950709074167,322.8610876866568
63.5724983215332,1,1,1,-0.002040753021636643,322.2022079463913
60.227500915527344,-1,1,-1,-0.05261705130869221,305.24887783910214
61.23249816894531,-1,1,-1,-0.016686683626928822,300.155286387126
60.352500915527344,-1,1,-1,0.014371408643005013,304.4689406641536
65.61750030517578,1,0,0,-0.08723746836966395,277.9078410834194
64.85749816894531,1,0,0,0.0,277.9078410834194
66.51750183105469,1,0,0,0.0,277.9078410834194
66.99749755859375,1,-1,-1,0.0,277.9078410834194
68.3125,1,-1,-1,-0.01962763520019828,272.4531673593593
71.76249694824219,1,-1,-1,-0.050503157522300945,258.69342213075976
71.10749816894531,1,-1,-1,0.009127313111321755,261.05459799438654
71.67250061035156,1,-1,-1,-0.007945750532016405,258.9803232834873
70.69999694824219,1,-1,-1,0.01356871399529369,262.49435322052966
69.23249816894531,1,-1,-1,0.02075670215900005,267.9428703287475
67.09249877929688,1,-1,-1,0.03091033035419699,276.2250729666609
69.0250015258789,1,-1,-1,-0.028803558993071077,268.2688077821003
68.75749969482422,1,-1,-1,0.0038754339028068685,269.30846581484457
70.74250030517578,1,-1,-1,-0.028869586869241237,261.53364166638084
70.7925033569336,1,-1,-1,-0.0007068318414262809,261.34878136084683
69.6449966430664,1,-1,-1,0.016209438280229915,265.5850983019287
71.93250274658203,1,-1,-1,-0.0328452324470514,256.8618940137289
73.44999694824219,1,-1,-1,-0.021096085131450115,251.44311363058975
72.26750183105469,1,-1,-1,0.01609932152918625,255.49117716322834
73.29000091552734,1,-1,-1,-0.014148809057535017,251.87628128166097
74.38999938964844,1,-1,-1,-0.015008847869833364,248.09590849388516
75.15750122070312,1,-1,-1,-0.010317271640702286,245.5362356130069
75.93499755859375,1,-1,-1,-0.010344893394040211,242.99618943121644
77.53250122070312,1,-1,-1,-0.02103777854047717,237.88408941178267
78.75250244140625,1,-1,-1,-0.015735352290909388,234.14089946048608
77.85250091552734,1,-1,-1,0.011428227649636025,236.81671496161104
76.9124984741211,1,-1,-1,0.012074145728808161,239.67607448907518
77.38500213623047,1,-1,-1,-0.006143392445746132,238.2036503036329
76.92749786376953,1,-1,-1,0.005912053496561764,239.61192302730427
78.73999786376953,1,-1,-1,-0.023561145888427948,233.9663915522512
78.28500366210938,1,-1,-1,0.005778438074729886,235.31835185740388
79.80750274658203,1,-1,-1,-0.01944815754296969,230.7418434777291
79.2125015258789,1,-1,-1,0.007455454690675767,232.46212883702032
79.72250366210938,1,-1,-1,-0.006438404625611405,230.96544359143655
79.18250274658203,1,-1,-1,0.006773506735514134,232.52988957927417
79.52749633789062,1,-1,-1,-0.0043569422453433315,231.5167702800612
79.5625,1,-1,-1,-0.0004401454053155618,231.41486923736895
79.48500061035156,1,-1,-1,0.0009740693121563782,231.64028335986973
80.4625015258789,1,-1,-1,-0.012297929269941221,228.79158753904088
80.83499908447266,1,-1,-1,-0.004629455355348977,227.73240709884948
81.27999877929688,1,-1,-1,-0.005505037420229231,226.47873167597143
80.58000183105469,1,-1,-1,0.008612167307518348,228.42920440475945
82.875,1,-1,-1,-0.02848098928760323,221.92331468113179
83.36499786376953,1,-1,-1,-0.005912493077158798,220.61119461941945
85.99749755859375,1,-1,-1,-0.03157799750833212,213.64473486541723
88.20999908447266,1,-1,-1,-0.025727510551937005,208.14818769480144
83.9749984741211,1,-1,-1,0.0480104370741008,218.14147316221081
84.69999694824219,1,-1,-1,-0.008633503867755632,216.25814790994693
85.74749755859375,1,-1,-1,-0.012367185927901092,213.5836431863211
88.0199966430664,1,-1,-1,-0.026502220463282766,207.92320238724608
87.89749908447266,1,-1,-1,0.0013917014685934648,208.212569413363
87.93250274658203,1,-1,-1,-0.0003982327423870391,208.1296523508461
87.43000030517578,1,-1,-1,0.005714638224894375,209.31903801790423
89.71749877929688,1,-1,-1,-0.0261637706294926,203.84246271881776
91.63249969482422,1,-1,-1,-0.021344787155047618,199.49148873892386
90.01499938964844,1,-1,-1,0.017652037329143666,203.01291994498982
91.20999908447266,1,-1,-1,-0.013275561883319131,200.3178093631468
88.40750122070312,1,-1,-1,0.030725774497311842,206.4727292014344
90.44499969482422,1,-1,-1,-0.02304666963762081,201.714220422351
91.19999694824219,1,-1,-1,-0.008347584233129979,200.03039397635527
91.02749633789062,1,-1,-1,0.0018914541241646932,200.4087422900001
91.02749633789062,1,-1,-1,-0.0,200.4087422900001
93.4625015258789,1,-1,-1,-0.026750215989129744,195.04776514763276
93.17250061035156,1,-1,-1,0.003102858481131565,195.65297075994687
95.34249877929688,1,-1,-1,-0.023290114086561564,191.09619074957303
95.75250244140625,1,-1,-1,-0.004300324276778955,190.27441516129264
95.91999816894531,1,-1,-1,-0.0017492569203771957,189.94157632380103
95.47750091552734,1,-1,-1,0.004613190803429701,190.81781305688693
97.05750274658203,1,-1,-1,-0.016548420475024583,187.66007965229696
97.7249984741211,1,-1,-1,-0.006877322295030686,186.36948080261698
96.52249908447266,1,-1,-1,0.012304931270650021,188.6627444548399
96.32749938964844,1,-1,-1,0.0020202512022980956,189.04389059115366
98.35749816894531,1,-1,-1,-0.0210739279246257,185.05999326624485
97.0,1,-1,-1,0.013801674444927303,187.61413104608602
97.27249908447266,1,-1,-1,-0.0028092689120893244,187.08707250026958
92.84500122070312,1,0,0,0.04551643995416055,195.60261000192781
92.61499786376953,1,0,0,0.0,195.60261000192781
94.80999755859375,1,-1,-1,0.0,195.60261000192781
93.25250244140625,1,0,0,0.0164275409481468,198.81587988729888
95.04000091552734,1,0,0,0.0,198.81587988729888
96.19000244140625,1,-1,-1,0.0,198.81587988729888
106.26000213623047,1,-1,-1,-0.10468863124271488,178.00211755258155
108.9375,1,-1,-1,-0.02519760784812375,173.516889998356
109.66500091552734,1,-1,-1,-0.006678149540124689,172.3581182592096
110.0625,1,-1,-1,-0.0036246667683779155,171.73337751569528
113.90249633789062,1,-1,-1,-0.03488923418867129,165.7417314895387
111.11250305175781,1,-1,-1,0.02449457541173039,169.80150483037997
112.72750091552734,1,-1,-1,-0.014534798689731954,167.33347414045684
109.375,1,-1,-1,0.029739867275506704,172.30994945214348
113.01000213623047,1,-1,-1,-0.03323430524553572,166.5833479952081
115.01000213623047,1,-1,-1,-0.017697548554941767,163.63523110561815
114.90750122070312,1,-1,-1,0.0008912347937002352,163.78106851705465
114.60749816894531,1,-1,-1,0.002610822170622251,164.20867176186718
115.5625,1,-1,-1,-0.008332804103680092,162.84035306795002
115.7074966430664,1,-1,-1,-0.0012547032390819446,162.6360367495024
118.2750015258789,1,-1,-1,-0.02218961568871136,159.0272055968958
124.37000274658203,1,-1,-1,-0.05153245522782357,150.8321432444679
125.85749816894531,1,-1,-1,-0.011960242739515126,149.02815419834272
124.82499694824219,1,-1,-1,0.00820373228234006,150.2507412779172
126.52249908447266,1,-1,-1,-0.01359905610039247,148.20747301815325
125.01000213623047,1,-1,-1,0.011954371429482857,149.97920019923737
124.80750274658203,1,-1,-1,0.0016198655002642726,150.2221463313973
129.0399932861328,1,-1,-1,-0.03391214827961697,145.12779063012462
134.17999267578125,1,-1,-1,-0.039832607385921204,139.3469723251687
131.39999389648438,1,-1,-1,0.02071842995262474,142.23402281039805
120.87999725341797,1,-1,-1,0.08006086097198728,153.62140113610778
120.95999908447266,1,-1,-1,-0.0006618285313737537,153.5197301098063
112.81999969482422,1,1,1,0.0672949690084228,163.85083558972715
117.31999969482422,1,0,0,0.039886545046732946,170.38627932442162
113.48999786376953,1,1,1,0.0,170.38627932442162
112.0,1,1,1,-0.01312889146018037,168.14929635686732
115.36000061035156,1,1,1,0.03000000544956749,173.19377616391426
115.54000091552734,1,1,1,0.0015603355081781345,173.4640165626583
112.12999725341797,1,1,1,-0.029513619829399818,168.34446552374726
110.33999633789062,1,1,1,-0.01596362221861003,165.65707807353232
106.83999633789062,1,1,1,-0.03172013880879665,160.40241256238022
110.08000183105469,1,1,1,0.030325773158183855,165.2667397397724
111.80999755859375,1,1,1,0.015715803949514662,167.8640394208981
107.12000274658203,1,1,1,-0.0419461131778841,160.8227954248523
108.22000122070312,1,1,1,0.010268842848365045,162.47425943750488
112.27999877929688,1,1,1,0.03751614778042578,168.56966776507753
114.95999908447266,1,1,1,0.023868902158110217,172.59324067178733
114.08999633789062,1,1,1,-0.007567873638749334,171.287076835481
115.80999755859375,1,0,0,0.01507582852057543,173.86937143364335
116.79000091552734,1,0,0,0.0,173.86937143364335
113.0199966430664,1,1,1,0.0,173.86937143364335
116.5,1,0,0,0.03079104105730912,179.2229903880652
113.16000366210938,1,1,1,0.0,179.2229903880652
115.08000183105469,1,0,0,0.016967109462795227,182.26388648422898
114.97000122070312,1,0,0,0.0,182.26388648422898
116.97000122070312,1,0,0,0.0,182.26388648422898
124.4000015258789,1,-1,-1,0.0,182.26388648422898
121.0999984741211,1,-1,-1,0.026527355396143704,187.09886537687854
121.19000244140625,1,-1,-1,-0.000743220218160312,186.9598097173356
120.70999908447266,1,-1,-1,0.00396075045188371,187.7003108681576
119.0199966430664,1,-1,-1,0.014000517390639566,190.32821233469568
115.9800033569336,1,0,0,0.025541870037600223,195.18955079863727
117.51000213623047,1,-1,-1,0.0,195.18955079863727
116.87000274658203,1,0,0,0.005446339698866431,196.25261939795575
115.75,1,0,0,0.0,196.25261939795575
115.04000091552734,1,0,0,0.0,196.25261939795575
115.05000305175781,1,0,0,0.0,196.25261939795575
116.5999984741211,1,0,0,0.0,196.25261939795575
111.19999694824219,1,1,1,0.0,196.25261939795575
115.31999969482422,1,0,0,0.03705038542851469,203.52385458800563
108.86000061035156,1,1,1,0.0,203.52385458800563
108.7699966430664,1,1,1,-0.0008267863933540953,203.35558383430927
110.44000244140625,1,1,1,0.01535355198934174,206.47781436303228
114.94999694824219,1,0,0,0.04083660274481349,214.9096668437928
119.02999877929688,1,-1,-1,0.0,214.9096668437928
118.69000244140625,1,-1,-1,0.002856392013588449,215.52353309980833
116.31999969482422,1,0,0,0.019968006553475526,219.8271084211735
115.97000122070312,1,0,0,0.0,219.8271084211735
119.48999786376953,1,-1,-1,0.0,219.8271084211735
119.20999908447266,1,-1,-1,0.0023432821516667923,220.34222536078934
119.26000213623047,1,-1,-1,-0.00041945350341277,220.24980204241197
120.30000305175781,1,-1,-1,-0.008720450250699674,218.32912460097467
119.38999938964844,1,-1,-1,0.0075644525272193786,219.9806648993281
118.02999877929688,1,0,0,0.011391243967704412,222.48651832137418
118.63999938964844,1,0,0,0.0,222.48651832137418
117.33999633789062,1,0,0,0.0,222.48651832137418
113.8499984741211,1,1,1,0.0,222.48651832137418
115.16999816894531,1,0,0,0.011594200373434838,225.0660715951801
116.02999877929688,1,0,0,0.0,225.0660715951801
116.58999633789062,1,0,0,0.0,225.0660715951801
119.05000305175781,1,-1,-1,0.0,225.0660715951801
122.72000122070312,1,-1,-1,-0.030827367281542672,218.12787714350148
123.08000183105469,1,-1,-1,-0.0029335121151452537,217.48799637325013
122.94000244140625,1,-1,-1,0.0011374665873064016,217.73538170226493
122.25,1,-1,-1,0.005612513646525374,218.95742450340032
123.75,1,-1,-1,-0.012269938650306678,216.27083033771444
124.37999725341797,1,-1,-1,-0.005090886896306879,215.16982000149477
121.77999877929688,1,-1,-1,0.020903670457748325,219.66765901125905
123.23999786376953,1,-1,-1,-0.011988824922872787,217.03410190615574
122.41000366210938,1,-1,-1,0.00673477942264844,218.4957787096863
121.77999877929688,1,-1,-1,0.005146678081568545,219.6203061448867
127.87999725341797,1,-1,-1,-0.050090314791152,208.61945587556016
127.80999755859375,1,-1,-1,0.0005473858017489563,208.733651203675
128.6999969482422,1,-1,-1,-0.006963456745552543,207.28014345217696
126.66000366210938,1,-1,-1,0.015850764059871847,210.5656921003338
128.22999572753906,1,-1,-1,-0.012395326227985448,207.95566165432862
131.8800048828125,1,-1,-1,-0.028464550236973585,202.03629727610593
130.9600067138672,1,-1,-1,0.006976024680639181,203.445707472289
131.97000122070312,1,-1,-1,-0.007712236217600754,201.8766861188058
136.69000244140625,1,-1,-1,-0.035765713245766495,194.656422452075
134.8699951171875,1,-1,-1,0.013314853257091142,197.2482441525747
133.72000122070312,1,-1,-1,0.008526684497060733,198.93011769806287
132.69000244140625,1,-1,-1,0.007702653080273847,200.46240738190912
129.41000366210938,1,-1,-1,0.024719260825586842,205.41768991570757
131.00999450683594,1,-1,-1,-0.01236373386484213,202.8779602664591
126.5999984741211,1,0,0,0.0336615236823381,209.70714153059296
130.9199981689453,1,-1,-1,0.0,209.70714153059296
132.0500030517578,1,-1,-1,-0.008631262592551314,207.8971041245091
128.97999572753906,1,0,0,0.023248824333729434,212.73046737779086
128.8000030517578,1,0,0,0.0,212.73046737779086
130.88999938964844,1,-1,-1,0.0,212.73046737779086
128.91000366210938,1,0,0,0.015127173479807188,215.94847806225513
127.13999938964844,1,0,0,0.0,215.94847806225513
127.83000183105469,1,0,0,0.0,215.94847806225513
132.02999877929688,1,-1,-1,0.0,215.94847806225513
136.8699951171875,1,-1,-1,-0.03665830782882318,208.03217227828313
139.07000732421875,1,-1,-1,-0.016073736286376095,204.68831800200005
142.9199981689453,1,-1,-1,-0.027683832904034755,199.02176080902476
143.16000366210938,1,-1,-1,-0.0016792995818566414,198.68754364931777
142.05999755859375,1,-1,-1,0.007683752971338942,200.21420965320127
137.08999633789062,1,-1,-1,0.03498522670784365,207.21874916805024
131.9600067138672,1,0,0,0.037420597863168426,214.9729986503766
134.13999938964844,1,0,0,0.0,214.9729986503766
134.99000549316406,1,0,0,0.0,214.9729986503766
133.94000244140625,1,0,0,0.0,214.9729986503766
137.38999938964844,1,-1,-1,0.0,214.9729986503766
136.75999450683594,1,-1,-1,0.004585522131241526,215.95876209330726
136.91000366210938,1,-1,-1,-0.0010968789214593766,215.72188147926263
136.00999450683594,1,0,0,0.006573728224378961,217.139978500159
135.38999938964844,1,0,0,0.0,217.139978500159
135.1300048828125,1,0,0,0.0,217.139978500159
135.3699951171875,1,0,0,0.0,217.139978500159
133.19000244140625,1,0,0,0.0,217.139978500159
130.83999633789062,1,1,1,0.0,217.139978500159
129.7100067138672,1,1,1,-0.008636423537534132,215.26466567890057
129.8699951171875,1,1,1,0.0012334314627955312,215.5301798903771
126.0,1,1,1,-0.029798993321709433,209.1075974991969
125.86000061035156,1,1,1,-0.0011111062670511318,208.87525673712756
125.3499984741211,1,1,1,-0.004052138358153767,208.02886529723384
120.98999786376953,1,1,1,-0.0347826139882379,200.793077577189
121.26000213623047,1,1,1,0.002231624739467808,201.24117237662415
127.79000091552734,1,1,1,0.05385121774911972,212.07825457036586
125.12000274658203,1,1,1,-0.02089363917220921,207.64716804310072
122.05999755859375,1,1,1,-0.024456562666370862,202.56883206536017
120.12999725341797,1,1,1,-0.015811898605432195,199.36583423212187
121.41999816894531,1,1,1,0.01073837463598748,201.50669924972257
116.36000061035156,1,1,1,-0.04167351041756073,193.10920771933095
121.08999633789062,1,1,1,0.04064967087253768,200.95903345557826
119.9800033569336,1,1,1,-0.009166677797724065,199.11690674534893
121.95999908447266,1,1,1,0.016502714386902317,202.4028761869709
121.02999877929688,1,1,1,-0.007625453527034254,200.85946246086908
123.98999786376953,1,1,1,0.0244567389434609,205.77182989859844
125.56999969482422,1,0,0,0.012742978129499427,208.39397582666336
124.76000213623047,1,1,1,0.0,208.39397582666336
120.52999877929688,1,1,1,-0.033905124114334995,201.3283522115806
119.98999786376953,1,1,1,-0.004480220036475302,200.42635689409173
123.38999938964844,1,0,0,0.028335707862409354,206.1055795909697
122.54000091552734,1,1,1,0.0,206.1055795909697
120.08999633789062,1,1,1,-0.019993508726392273,201.98480588685953
120.58999633789062,1,1,1,0.0041635441356262515,202.82577854089536
121.20999908447266,1,1,1,0.005141411107143501,203.86858925150057
121.38999938964844,1,0,0,0.0014850285169158983,204.17133992024245
119.9000015258789,1,1,1,0.0,204.17133992024245
122.1500015258789,1,0,0,0.018765637792876655,208.00274533287202
123.0,1,0,0,0.0,208.00274533287202
125.9000015258789,1,-1,-1,0.0,208.00274533287202
126.20999908447266,1,-1,-1,-0.002462252222689809,207.49059011085058
127.9000015258789,1,-1,-1,-0.013390400551981152,204.71220799849934
130.36000061035156,1,-1,-1,-0.019233769000189582,200.77482067833745
133.0,1,-1,-1,-0.020251606146730827,196.70880808577922
131.24000549316406,1,-1,-1,0.013233041404781432,199.31186388786355
134.42999267578125,1,-1,-1,-0.024306515156183428,194.46728704746602
132.02999877929688,1,-1,-1,0.017853113347054084,197.93913356541853
134.5,1,-1,-1,-0.018707878842231906,194.23611223654032
134.16000366210938,1,-1,-1,0.002527853813313219,194.72711273354057
134.83999633789062,1,-1,-1,-0.005068520104500429,193.74013444775932
133.11000061035156,1,-1,-1,0.012829989428388311,196.22581832457857
133.5,1,-1,-1,-0.002929902996470446,195.65089571148454
131.94000244140625,1,-1,-1,0.011685374970739737,197.93714979123433
134.32000732421875,1,-1,-1,-0.01803853902359487,194.366652790506
134.72000122070312,1,-1,-1,-0.002977917470767144,193.78784493942663
134.38999938964844,1,-1,-1,0.002449538509980198,194.26253572837183
133.5800018310547,1,-1,-1,0.0060272160300057775,195.43339799774344
133.47999572753906,1,-1,-1,0.0007486607437100501,195.57971131083423
131.4600067138672,1,-1,-1,0.015133271488823707,198.53947217980686
132.5399932861328,1,-1,-1,-0.008215324183090233,196.90840605271012
127.8499984741211,1,0,0,0.035385506636376296,203.87610976184655
128.10000610351562,1,0,0,0.0,203.87610976184655
129.74000549316406,1,0,0,0.0,203.87610976184655
130.2100067138672,1,0,0,0.0,203.87610976184655
126.8499984741211,1,1,1,0.0,203.87610976184655
125.91000366210938,1,1,1,-0.007410286348592199,202.36532940887426
122.7699966430664,-1,1,-1,-0.02493850311901713,197.31864101023012
124.97000122070312,1,1,1,-0.017919724996269926,193.7827452266891
127.44999694824219,1,1,1,0.019844728361323005,197.6283111668242
126.2699966430664,1,1,1,-0.009258535374112142,195.79856245696013
124.8499984741211,1,1,1,-0.011245729046459818,193.59666487588282
124.69000244140625,1,1,1,-0.0012815060846637083,193.34856957187378
127.30999755859375,1,1,1,0.021012070461853494,197.41122333941658
125.43000030517578,1,1,1,-0.014767082628783457,194.49603549251418
127.0999984741211,1,1,1,0.01331418452429367,197.0855915983051
126.9000015258789,1,1,1,-0.0015735401309459052,196.77546951069394
126.8499984741211,1,1,1,-0.0003940350760958111,196.6979330735915
125.27999877929688,1,1,1,-0.012376820762394547,194.2634380116062
124.61000061035156,1,1,1,-0.005348005870638883,193.22451600466965
124.27999877929688,1,1,1,-0.002648277260559384,192.7128039127519
125.05999755859375,1,1,1,0.006276140867059743,193.9222966169944
123.54000091552734,-1,1,-1,-0.012154139395007202,191.5653379921115
125.88999938964844,1,0,0,-0.019022166559055975,187.9213502258837
125.9000015258789,1,0,0,0.0,187.9213502258837
126.73999786376953,1,0,0,0.0,187.9213502258837
127.12999725341797,1,0,0,0.0,187.9213502258837
126.11000061035156,1,0,0,0.0,187.9213502258837
127.3499984741211,1,0,0,0.0,187.9213502258837
130.47999572753906,1,-1,-1,0.0,187.9213502258837
129.63999938964844,1,-1,-1,0.006437740384699686,189.13113909138022
130.14999389648438,1,-1,-1,-0.003933928642679829,188.38711068608598
131.7899932861328,1,-1,-1,-0.012600841079968284,186.01327464281619
130.4600067138672,1,-1,-1,0.010091711359132227,187.89046691947848
132.3000030517578,1,-1,-1,-0.014103911108376721,185.24047647593474
133.97999572753906,1,-1,-1,-0.012698357044814257,182.8882267664918
133.6999969482422,1,-1,-1,0.002089855114387973,183.2704366625611
133.41000366210938,1,-1,-1,0.0021689849869261923,183.6679474882296
133.11000061035156,1,-1,-1,0.00224872980678148,184.08096707629676
134.77999877929688,1,-1,-1,-0.012546000760933262,181.7714871232842
136.3300018310547,1,-1,-1,-0.011500245331623304,179.68107042707243
136.9600067138672,1,-1,-1,-0.0046211756352296796,178.85073264230286
137.27000427246094,1,-1,-1,-0.002263416642797056,178.44591891746384
139.9600067138672,1,-1,-1,-0.01959643299833358,174.9490154235717
142.02000427246094,1,-1,-1,-0.01471847284778427,172.37403309031328
144.57000732421875,1,-1,-1,-0.01795523852305836,169.27901621099514
143.24000549316406,1,-1,-1,0.009199707848613237,170.83633370503696
145.11000061035156,1,-1,-1,-0.013054977977341231,168.606069130788
144.5,1,-1,-1,0.004203711720665804,169.3148404397685
145.63999938964844,1,-1,-1,-0.007889269132515198,167.9790700954103
149.14999389648438,1,-1,-1,-0.024100484218248397,163.93069316757982
148.47999572753906,1,-1,-1,0.004492109932034749,164.66708786252326
146.38999938964844,1,-1,-1,0.014075945568625792,166.98493282822025
142.4499969482422,1,-1,-1,0.026914423511397723,171.47923603038126
146.14999389648438,1,-1,-1,-0.025974005107115117,167.02523347796395
145.39999389648438,1,-1,-1,0.005131714206784155,167.88235924149424
146.8000030517578,1,-1,-1,-0.009628674099327439,166.2658747173317
148.55999755859375,1,-1,-1,-0.011989063148829748,164.27250264585018
148.99000549316406,1,-1,-1,-0.002894506876931713,163.797014757251
146.77000427246094,1,-1,-1,0.014900336524955593,166.23764539891715
144.97999572753906,1,-1,-1,0.012196010716187922,168.2650815036362
145.63999938964844,1,-1,-1,-0.0045523774421245555,167.4990753423018
145.86000061035156,1,-1,-1,-0.001510582406104799,167.2460541860509
145.52000427246094,1,-1,-1,0.002330977214232255,167.63590092752887
147.36000061035156,1,-1,-1,-0.012644284523559701,165.51626489983792
146.9499969482422,1,-1,-1,0.00278232668574363,165.97678522059337
147.05999755859375,1,-1,-1,-0.0007485580989179397,165.85254195378414
146.13999938964844,1,0,0,0.006255937605185613,166.89010510790845
146.08999633789062,1,0,0,0.0,166.89010510790845
145.60000610351562,1,0,0,0.0,166.89010510790845
145.86000061035156,1,0,0,0.0,166.89010510790845
148.88999938964844,1,-1,-1,0.0,166.89010510790845
149.10000610351562,1,-1,-1,-0.0014104823341263284,166.65470956291327
151.1199951171875,1,-1,-1,-0.013547880154139325,164.396891530632
150.19000244140625,1,-1,-1,0.006154001494375949,165.4085902467823
146.36000061035156,1,0,0,0.025501043803157875,169.62668195208406
146.6999969482422,1,0,0,0.0,169.62668195208406
148.19000244140625,1,0,0,0.0,169.62668195208406
149.7100067138672,1,0,0,0.0,169.62668195208406
149.6199951171875,1,0,0,0.0,169.62668195208406
148.36000061035156,1,0,0,0.0,169.62668195208406
147.5399932861328,1,0,0,0.0,169.62668195208406
148.60000610351562,1,0,0,0.0,169.62668195208406
153.1199951171875,1,-1,-1,0.0,169.62668195208406
151.8300018310547,1,-1,-1,0.008424721311841354,171.0557394745827
152.50999450683594,1,-1,-1,-0.004478644981759983,170.28964154538366
153.64999389648438,1,-1,-1,-0.007474915944589711,169.01674078859762
154.3000030517578,1,-1,-1,-0.0042304535053308,168.3017233250689
156.69000244140625,1,-1,-1,-0.01548930228372547,165.69484705761496
155.11000061035156,1,-1,-1,0.010083616098260806,167.365650284804
154.07000732421875,1,-1,-1,0.006704875778740793,168.48781617959173
148.97000122070312,1,0,0,0.03310187486902216,174.0650787877234
149.5500030517578,1,0,0,0.0,174.0650787877234
148.1199951171875,1,0,0,0.0,174.0650787877234
149.02999877929688,1,0,0,0.0,174.0650787877234
148.7899932861328,1,0,0,0.0,174.0650787877234
146.05999755859375,1,1,1,0.0,174.0650787877234
142.94000244140625,1,1,1,-0.02136105141269684,170.3468656905837
143.42999267578125,1,1,1,0.003427943374884501,170.9308051002601
145.85000610351562,1,1,1,0.016872436389261614,173.8148242362795
146.8300018310547,1,0,0,0.0067192025130498045,174.98272124009324
146.9199981689453,1,0,0,0.0,174.98272124009324
145.3699951171875,1,1,1,0.0,174.98272124009324
141.91000366210938,1,1,1,-0.0238012765446467,170.81790910132295
142.8300018310547,1,1,1,0.006482969101571312,171.92531632802184
141.5,1,1,1,-0.009311781936598096,170.32438527299465
142.64999389648438,1,1,1,0.00812716534617941,171.70863971459463
139.13999938964844,1,1,1,-0.02460564077824645,167.48363860725598
141.11000061035156,1,1,1,0.014158410445197056,169.85494070551258
142.0,1,1,1,0.00630713192402288,170.9262382244893
143.2899932861328,1,1,1,0.009084459761498742,172.47901075782403
142.89999389648438,1,1,1,-0.00272174895611621,172.00956619034196
142.80999755859375,1,1,1,-0.0006297854565047167,171.9012370671756
141.50999450683594,1,1,1,-0.009103025516294383,170.33641571987053
140.91000366210938,1,1,1,-0.004239918507647045,169.6142031983336
143.75999450683594,1,0,0,0.02022561046524851,173.0447540015966
144.83999633789062,1,0,0,0.0,173.0447540015966
146.5500030517578,1,0,0,0.0,173.0447540015966
148.75999450683594,1,-1,-1,0.0,173.0447540015966
149.25999450683594,1,-1,-1,-0.003361118704377386,172.46313004222748
149.47999572753906,1,-1,-1,-0.0014739463272126496,172.20892864512214
148.69000244140625,1,-1,-1,0.005284943194491021,173.11904305059576
148.63999938964844,1,-1,-1,0.0003362906109138919,173.17726135934404
149.32000732421875,1,-1,-1,-0.004574865025313457,172.3849987631716
148.85000610351562,1,-1,-1,0.0031476104851951847,172.92759959276893
152.57000732421875,1,-1,-1,-0.02499160946030532,168.6058605588384
149.8000030517578,1,-1,-1,0.0181556278395828,171.6670058147172
148.9600067138672,1,-1,-1,0.005607452074619768,172.62962032261674
150.02000427246094,1,-1,-1,-0.007115987586049588,171.40119008741655
151.49000549316406,1,-1,-1,-0.009798701365408391,169.72168101207436
150.9600067138672,1,-1,-1,0.003498572579567205,170.31546463142126
151.27999877929688,1,-1,-1,-0.0021197141706292832,169.95444452756476
150.44000244140625,1,-1,-1,0.005552593499925207,170.8981324715319
150.80999755859375,1,-1,-1,-0.0024594197765426262,170.4778222247572
147.9199981689453,1,0,0,0.01916318172822462,173.74471971268224
147.8699951171875,1,0,0,0.0,173.74471971268224
149.99000549316406,1,0,0,0.0,173.74471971268224
150.0,1,0,0,0.0,173.74471971268224
151.0,1,-1,-1,0.0,173.74471971268224
153.49000549316406,1,-1,-1,-0.016490102603735624,170.87965145776283
157.8699951171875,1,-1,-1,-0.02853599235957094,166.00343102935796
160.5500030517578,1,-1,-1,-0.016976043690765552,163.1853495313866
161.02000427246094,1,-1,-1,-0.002927444483147079,162.70763348017053
161.41000366210938,1,-1,-1,-0.0024220555167078217,162.3135465588894
161.94000244140625,1,-1,-1,-0.003283555958565998,161.78058094592998
156.80999755859375,1,-1,-1,0.031678429081589354,166.90553560620396
160.24000549316406,1,-1,-1,-0.02187365594013646,163.25470134584964
165.3000030517578,1,-1,-1,-0.031577617231232535,158.0995068755512
164.77000427246094,1,-1,-1,0.003206284147078464,158.6064188181072
163.75999450683594,1,-1,-1,0.006129815739731703,159.57864694060092
161.83999633789062,1,-1,-1,0.011724464053185835,161.44962105031203
165.32000732421875,1,-1,-1,-0.021502787105003085,157.97800422068372
171.17999267578125,1,-1,-1,-0.035446316791349686,152.3782658370122
175.0800018310547,1,-1,-1,-0.02278308985945654,148.90661811381938
174.55999755859375,1,-1,-1,0.0029700951966102895,149.34888494502272
179.4499969482422,1,-1,-1,-0.028013287454401015,145.16513170006354
175.74000549316406,1,-1,-1,0.020674235264256824,148.16630978499748
174.3300018310547,1,-1,-1,0.008023236702153325,149.3550831596871
179.3000030517578,1,-1,-1,-0.02850915601733095,145.09709579190613
172.25999450683594,1,-1,-1,0.039263850669816525,150.79416649370359
171.13999938964844,1,-1,-1,0.006501771466984829,151.7745957028001
169.75,1,-1,-1,0.00812200183829448,153.00730924810466
172.99000549316406,1,-1,-1,-0.01908692484927288,150.08687023509663
175.63999938964844,1,-1,-1,-0.01531876878626437,147.78772417211113
176.27999877929688,1,-1,-1,-0.0036438134358485197,147.24921327711928
180.3300018310547,1,-1,-1,-0.022974830268908786,143.86618759484713
179.2899932861328,1,-1,-1,0.00576725189575622,144.69590013798876
179.3800048828125,1,-1,-1,-0.0005020447322792165,144.62325632354205
178.1999969482422,1,-1,-1,0.006578257901939555,145.57462540225663
177.57000732421875,1,-1,-1,0.0035352953693170708,146.08927470133128
182.00999450683594,1,-1,-1,-0.025004150472947684,142.43643649421543
179.6999969482422,1,-1,-1,0.012691597320536152,144.2441823899721
174.9199981689453,1,0,0,0.02659988236212174,148.08106067296578
172.0,1,0,0,0.0,148.08106067296578
172.1699981689453,1,0,0,0.0,148.08106067296578
172.19000244140625,1,0,0,0.0,148.08106067296578
175.0800018310547,1,0,0,0.0,148.08106067296578
175.52999877929688,1,0,0,0.0,148.08106067296578
172.19000244140625,1,0,0,0.0,148.08106067296578
173.07000732421875,1,0,0,0.0,148.08106067296578
169.8000030517578,1,1,1,0.0,148.08106067296578
166.22999572753906,1,1,1,-0.021024777738847034,144.96768928498398
164.50999450683594,1,1,1,-0.010347117036099251,143.46769163749937
162.41000366210938,1,1,1,-0.01276512622240289,141.6363084449099
161.6199951171875,1,1,1,-0.00486428500159064,140.94734907406067
159.77999877929688,1,1,1,-0.011384707297859231,139.3427047604433
159.69000244140625,1,1,1,-0.0005632515870458432,139.26421976084373
159.22000122070312,1,1,1,-0.0029432100539642514,138.8543359090861
170.3300018310547,1,0,0,0.06977766942076213,148.5432678577898
174.77999877929688,1,0,0,0.0,148.5432678577898
174.61000061035156,1,0,0,0.0,148.5432678577898
175.83999633789062,1,-1,-1,0.0,148.5432678577898
172.89999389648438,1,0,0,0.016719759455390393,151.02687556508965
172.38999938964844,1,0,0,0.0,151.02687556508965
171.66000366210938,1,0,0,0.0,151.02687556508965
174.8300018310547,1,0,0,0.0,151.02687556508965
176.27999877929688,1,-1,-1,0.0,151.02687556508965
172.1199951171875,1,0,0,0.02359884099680365,154.59093478779423
168.63999938964844,1,0,0,0.0,154.59093478779423
168.8800048828125,1,0,0,0.0,154.59093478779423
172.7899932861328,1,0,0,0.0,154.59093478779423
172.5500030517578,1,0,0,0.0,154.59093478779423
168.8800048828125,1,0,0,0.0,154.59093478779423
167.3000030517578,1,0,0,0.0,154.59093478779423
164.32000732421875,1,1,1,0.0,154.59093478779423
160.07000732421875,1,1,1,-0.02586416632525068,150.59256913806672
162.74000549316406,1,1,1,0.01668019020913314,153.10448183537173
164.85000610351562,1,1,1,0.012965469700934706,155.08955335568555
165.1199951171875,1,0,0,0.0016377858882354879,155.34355683758426
163.1999969482422,1,1,1,0.0,155.34355683758426
166.55999755859375,1,0,0,0.02058823941900667,158.54180717795649
166.22999572753906,1,0,0,0.0,158.54180717795649
163.1699981689453,1,1,1,0.0,158.54180717795649
159.3000030517578,1,1,1,-0.02371756548762427,154.781581483687
157.44000244140625,1,1,1,-0.011676086470301161,152.97433835427353
162.9499969482422,1,1,1,0.034997423916368176,158.32804612198396
158.52000427246094,1,1,1,-0.027186209013482565,154.0237067674154
154.72999572753906,1,1,1,-0.02390870831928371,150.3411988880584
150.6199951171875,-1,1,-1,-0.026562403695717718,146.3477752710956
155.08999633789062,1,1,1,-0.029677342754030223,142.0045621830855
159.58999633789062,1,1,1,0.02901541109199557,146.1248829317666
160.6199951171875,1,1,1,0.006454030972694147,147.0679774520895
163.97999572753906,1,0,0,0.020918943546848645,150.144484169959
165.3800048828125,1,0,0,0.0,150.144484169959
168.82000732421875,1,-1,-1,0.0,150.144484169959
170.2100067138672,1,-1,-1,-0.008233617636201895,148.9082518971188
174.07000732421875,1,-1,-1,-0.02267787120671727,145.5313297389785
174.72000122070312,1,-1,-1,-0.003734094727035453,144.9879019679817
175.60000610351562,1,-1,-1,-0.005036657947940837,144.25764749917943
178.9600067138672,1,-1,-1,-0.019134399166084615,141.4973640891698
177.77000427246094,1,-1,-1,0.006649544014093012,142.43825703955886
174.61000061035156,1,-1,-1,0.017775797863323284,144.97021070469816
174.30999755859375,1,-1,-1,0.0017181321270783867,145.21928868117922
178.44000244140625,1,-1,-1,-0.023693448113463633,141.7785429997376
175.05999755859375,1,-1,-1,0.018941968373500706,144.46410767727966
171.8300018310547,1,-1,-1,0.018450792714411857,147.12958498270564
172.13999938964844,1,-1,-1,-0.0018040944846089424,146.86414930991555
170.08999633789062,1,0,0,0.01190892912179875,148.61314405458057
165.75,1,0,0,0.0,148.61314405458057
167.66000366210938,1,0,0,0.0,148.61314405458057
170.39999389648438,1,0,0,0.0,148.61314405458057
165.2899932861328,1,0,0,0.0,148.61314405458057
165.07000732421875,1,0,0,0.0,148.61314405458057
167.39999389648438,1,0,0,0.0,148.61314405458057
167.22999572753906,1,0,0,0.0,148.61314405458057
166.4199981689453,1,0,0,0.0,148.61314405458057
161.7899932861328,1,1,1,0.0,148.61314405458057
162.8800048828125,1,1,1,0.006737200333224225,149.6143805782266
156.8000030517578,-1,1,-1,-0.03732810442527357,144.02955935647992
156.57000732421875,-1,1,-1,0.001466809458308127,144.24082327641997
163.63999938964844,1,1,1,-0.04515546870218534,137.72756129538413
157.64999389648438,-1,1,-1,-0.036604775821961866,132.68607478966106
157.9600067138672,-1,1,-1,-0.0019664626031408172,132.42515258562963
159.47999572753906,1,1,1,-0.009622619328101267,131.1508757528324
166.02000427246094,1,0,0,0.0410083315784322,136.5291543525063
156.77000427246094,-1,1,-1,0.0,136.5291543525063
157.27999877929688,-1,1,-1,-0.0032531383104996703,136.08500612998205
152.05999755859375,-1,1,-1,0.03318922470255159,140.60156197707815
154.50999450683594,-1,1,-1,-0.01611204121779708,138.3361838152168
146.5,-1,1,-1,0.05184127106082803,145.507707417902
142.55999755859375,-1,1,-1,0.026894214617107504,149.42102292964236
147.11000061035156,-1,1,-1,-0.03191640803646689,144.65204059259364
145.5399932861328,-1,1,-1,0.010672335787539122,146.1958157421505
149.24000549316406,-1,1,-1,-0.02542264929033622,142.4791307908232
140.82000732421875,-1,1,-1,0.056419176219683176,150.51768597853797
137.35000610351562,-1,1,-1,0.024641393553644142,154.22665151551897
137.58999633789062,-1,1,-1,-0.0017472895792529641,153.9571728944828
143.11000061035156,-1,1,-1,-0.04011922682885327,147.78053015320006
140.36000061035156,-1,1,-1,0.019215987619813357,150.6202789910734
140.52000427246094,-1,1,-1,-0.0011399519906925004,150.44857910419887
143.77999877929688,-1,1,-1,-0.02319950475175747,146.95824657837585
149.63999938964844,-1,1,-1,-0.04075671623385313,140.96871102435637
148.83999633789062,-1,1,-1,0.005346184543042365,141.7223557682874
148.7100067138672,-1,1,-1,0.0008733514325567349,141.84612919072296
151.2100067138672,-1,0,-1,-0.016811242600575316,139.46151950094514
145.3800048828125,-1,1,-1,0.03855566147871903,144.83855063613134
146.13999938964844,-1,1,-1,-0.005227641225136415,144.0813866578369
148.7100067138672,-1,0,-1,-0.017585926747997416,141.54758194632228
147.9600067138672,-1,0,-1,0.005043372780172639,142.26145916820963
142.63999938964844,-1,1,-1,0.0359557115626985,147.37657116055036
137.1300048828125,-1,1,-1,0.038628677302390724,153.06953316984408
131.8800048828125,-1,1,-1,0.03828483784046022,158.9297754255665
132.75999450683594,-1,1,-1,-0.006672653862921818,157.86929204563978
135.42999267578125,-1,1,-1,-0.020111466401181888,154.69430908288552
130.05999755859375,-1,1,-1,0.039651446559871295,160.8281622126018
131.55999755859375,-1,1,-1,-0.011533138767930717,158.97330870001258
135.8699951171875,-1,1,-1,-0.032760699593918474,153.76523189024022
135.35000610351562,-1,1,-1,0.003827107031419197,154.35370789039516
138.27000427246094,-1,1,-1,-0.021573683319320303,151.0237298772049
141.66000366210938,-1,0,-1,-0.024517243689154977,147.32104428896034
141.66000366210938,-1,0,-1,-0.0,147.32104428896034
137.44000244140625,-1,1,-1,0.029789645006425114,151.70968590030432
139.22999572753906,-1,0,-1,-0.013023815878466127,149.73384688415882
136.72000122070312,-1,1,-1,0.01802768500939822,152.4332015110319
138.92999267578125,-1,0,-1,-0.016164360995803317,149.96921621406156
141.55999755859375,-1,0,-1,-0.018930432746441683,147.1302340524847
142.9199981689453,-1,0,-1,-0.009607238159132114,145.71671885353362
146.35000610351562,-1,-1,-1,-0.02399949607133145,142.21959103188095
147.0399932861328,-1,-1,-1,-0.004714637197412497,141.54907725780126
144.8699951171875,-1,-1,-1,0.014757877230874183,143.6380411621154
145.86000061035156,-1,-1,-1,-0.006833751132270249,142.6564545356867
145.49000549316406,-1,-1,-1,0.0025366455206311533,143.0183233920738
148.47000122070312,-1,-1,-1,-0.0204824772494705,140.08895383693823
150.1699981689453,-1,-1,-1,-0.011450103955445545,138.4849207524957
147.07000732421875,-1,-1,-1,0.020643210245224752,141.34369408738274
151.0,-1,-1,-1,-0.026721917998667744,137.56671948435093
153.0399932861328,-1,-1,-1,-0.013509889312137924,135.7082083310834
155.35000610351562,-1,-1,-1,-0.015094177461599134,133.65980455153837
154.08999633789062,-1,-1,-1,0.008110780277571505,134.74388985819905
152.9499969482422,-1,-1,-1,0.0073982699509488326,135.74076152961092
151.60000610351562,-1,-1,-1,0.0088263541788981,136.93885756738464
156.7899932861328,-1,-1,-1,-0.034234742570348864,132.25079103068754
157.35000610351562,-1,-1,-1,-0.0035717382573059453,131.77842582080427
162.50999450683594,1,-1,-1,-0.03279306134837845,127.45700781846989
161.50999450683594,1,-1,-1,0.00615346768692393,128.24131039755284
160.00999450683594,1,-1,-1,0.009287350944318873,129.43233245277426
166.1300048828125,1,-1,-1,-0.038247675683253046,124.48184657819357
165.80999755859375,1,-1,-1,0.0019262464022948844,124.72162928731584
165.35000610351562,1,-1,-1,0.0027742082012610636,125.06763305415936
164.8699951171875,1,-1,-1,0.0029029995077690662,125.43070433135345
164.9199981689453,1,-1,-1,-0.0003032877615012364,125.39266273381328
169.24000549316406,1,-1,-1,-0.026194563256017656,122.10805669799193
168.49000549316406,1,-1,-1,0.0044315763156265175,122.64918787000194
172.10000610351562,1,-1,-1,-0.021425606817361276,120.0213545942306
173.19000244140625,1,-1,-1,-0.006333505515595528,119.2611986829188
173.02999877929688,1,-1,-1,0.0009238620004263787,119.37137957250725
174.5500030517578,1,-1,-1,-0.00878462857992468,118.32274633988956
174.14999389648438,1,-1,-1,0.0022916594000563784,118.59390177377986
171.52000427246094,1,-1,-1,0.015101864577650947,120.3848908181027
167.57000732421875,1,-1,-1,0.023029365962279114,123.15727852508181
167.22999572753906,1,-1,-1,0.0020290719210975805,123.40717350081584
167.52999877929688,1,-1,-1,-0.001793954789346408,123.18578661087436
170.02999877929688,1,-1,-1,-0.014922700520600518,121.34752200888569
163.6199951171875,1,0,0,0.03769925135640162,125.92223274257513
161.3800048828125,1,0,0,0.0,125.92223274257513
158.91000366210938,-1,1,-1,0.0,125.92223274257513
157.22000122070312,-1,1,-1,0.010634965719336975,127.26141137109478
157.9600067138672,-1,1,-1,-0.004706815210650195,126.6624154243245
155.80999755859375,-1,1,-1,0.013611098150736467,128.38642999267432
154.52999877929688,-1,1,-1,0.008215126110989845,129.44114070600392
155.9600067138672,-1,1,-1,-0.00925391798269981,128.24330300632346
154.4600067138672,-1,1,-1,0.009617850316921195,129.47672789878587
157.3699951171875,-1,1,-1,-0.01883975318420772,127.0374183020739
163.42999267578125,1,0,0,-0.038507960517385253,122.14546641386708
153.83999633789062,-1,1,-1,0.0,122.14546641386708
155.30999755859375,-1,1,-1,-0.009555390377639084,120.97831879942377
152.3699951171875,-1,1,-1,0.018929898188280392,123.2684260572862
150.6999969482422,-1,1,-1,0.010960151095764759,124.61946663221116
154.47999572753906,-1,1,-1,-0.025082938658552933,121.49364419501383
156.89999389648438,-1,1,-1,-0.01566544689199456,119.59039196416195
153.72000122070312,-1,1,-1,0.02026764053209118,122.01420703958347
152.74000549316406,-1,1,-1,0.006375199842290069,122.79207199305938
150.42999267578125,-1,1,-1,0.015123823060790742,124.64915756315027
150.77000427246094,-1,1,-1,-0.0022602646628622214,124.36741747705474
151.75999450683594,-1,1,-1,-0.0065662280713738586,123.55079264925263
149.83999633789062,-1,1,-1,0.012651543479456517,125.11390087437596
142.47999572753906,-1,1,-1,0.049119065604851575,131.2593787795033
138.1999969482422,-1,1,-1,0.030039296095161427,135.20231812392774
142.4499969482422,-1,1,-1,-0.030752533240588242,131.04450434161708
146.10000610351562,-1,1,-1,-0.02562309044204225,127.68673915493922
146.39999389648438,-1,1,-1,-0.0020533044519943644,127.42455940497175
145.42999267578125,-1,1,-1,0.0066256916744750205,128.26883524734492
140.08999633789062,-1,1,-1,0.03671867294799025,132.97869665821182
140.4199981689453,-1,1,-1,-0.0023556416566585803,132.66544650091558
138.97999572753906,-1,1,-1,0.01025496695758199,134.02592627119535
138.33999633789062,-1,1,-1,0.004604974883602009,134.64311229542565
142.99000549316406,-1,1,-1,-0.0336129050048255,130.11736615228548
138.3800048828125,-1,1,-1,0.03224001981433555,134.3123526152243
142.41000366210938,-1,1,-1,-0.02912269574429982,130.40081483531003
143.75,-1,1,-1,-0.009409425626236034,129.1738180665166
143.86000061035156,-1,1,-1,-0.0007652216372282528,129.07497146596873
143.38999938964844,-1,1,-1,0.003267073673773546,129.49666890718825
147.27000427246094,-1,0,-1,-0.027059103837980825,125.99260509655602
149.4499969482422,-1,0,-1,-0.014802693097965003,124.1275752306986
152.33999633789062,-1,-1,-1,-0.019337567404898115,121.72724987786842
149.35000610351562,-1,0,-1,0.019627086164182295,124.11640109975028
144.8000030517578,-1,0,-1,0.03046536903791064,127.89765306291152
155.74000549316406,-1,-1,-1,-0.07555250145606562,118.23466544364851
153.33999633789062,-1,-1,-1,0.015410357458724877,120.0567039021479
150.64999389648438,-1,-1,-1,0.0175427318745901,122.16282646845032
145.02999877929688,-1,0,-1,0.03730498071609045,126.72010835407896
138.8800048828125,-1,1,-1,0.04240497792352105,132.09367175129987
138.3800048828125,-1,1,-1,0.003600230288167805,132.5692393892142
138.9199981689453,-1,1,-1,-0.003902249364639898,132.05192115903682
139.5,-1,1,-1,-0.004175078021159573,131.50059408535384
134.8699951171875,-1,1,-1,0.03318999915994625,135.86509869257915
146.8699951171875,-1,-1,-1,-0.08897457132383879,123.77655977853587
149.6999969482422,-1,-1,-1,-0.019268754171310798,121.3915396759927
148.27999877929688,-1,-1,-1,0.009485625904429806,122.54301440932191
150.0399932861328,-1,-1,-1,-0.011869399253607638,121.08850244555708
148.7899932861328,-1,-1,-1,0.00833111207633952,122.09730433058712
150.72000122070312,-1,-1,-1,-0.01297135574741759,120.51353676031435
151.2899932861328,-1,-1,-1,-0.003781794458686649,120.05777933479747
148.00999450683594,-1,0,-1,0.02168020969565021,122.66065716636997
150.17999267578125,-1,-1,-1,-0.014661159715434469,120.86230968085367
151.07000732421875,-1,-1,-1,-0.0059263196953200925,120.14604099457014
148.11000061035156,-1,0,-1,0.01959360938875554,122.50013559142315
144.22000122070312,-1,0,-1,0.02626425881856731,125.71751085790586
141.1699981689453,-1,1,-1,0.021148266717113118,128.3762183085404
148.02999877929688,-1,0,-1,-0.04859389884061516,122.13791734251446
148.30999755859375,-1,0,-1,-0.0018915002472865705,121.90689344165803
147.80999755859375,-1,0,-1,0.0033713168918532155,122.31788021075124
146.6300048828125,-1,0,-1,0.00798317228381984,123.29436492186532
142.91000366210938,-1,1,-1,0.025369986338581674,126.42234127555716
140.94000244140625,-1,1,-1,0.013784907775671984,128.16506159082525
142.64999389648438,-1,1,-1,-0.012132761639400691,126.61006544804465
142.16000366210938,-1,1,-1,0.0034349124103753015,127.04495993313056
144.49000549316406,-1,0,-1,-0.01638999557563814,124.96269360191941
145.47000122070312,-1,0,-1,-0.006782446468835079,124.11514082196295
143.2100067138672,-1,0,-1,0.015535811424151502,126.04337024465498
136.5,-1,1,-1,0.04685431463789913,131.94904597211922
134.50999450683594,-1,1,-1,0.014578794821714758,133.87270404026776
132.3699951171875,-1,1,-1,0.01590959391154889,136.00256439738942
132.3000030517578,-1,1,-1,0.0005287608069164396,136.07447722308288
135.4499969482422,-1,1,-1,-0.023809477126406797,132.83461507015213
132.22999572753906,-1,1,-1,0.02377261936693542,135.99244181296825
131.86000061035156,-1,1,-1,0.0027981178941416385,136.37296469787313
130.02999877929688,-1,1,-1,0.01387836965405731,138.26559911276993
126.04000091552734,-1,1,-1,0.03068521034551308,142.50830810509365
129.61000061035156,-1,1,-1,-0.02832433885189234,138.47185449711512
129.92999267578125,-1,1,-1,-0.00246888406699175,138.12998354182037
125.06999969482422,-1,1,-1,0.03740470449409117,143.2966947579758
126.36000061035156,-1,1,-1,-0.010314231379827232,141.81869949227757
125.0199966430664,-1,1,-1,0.010604653061194957,143.32263759798306
129.6199951171875,-1,1,-1,-0.036794101724815675,138.04920989073398
130.14999389648438,-1,1,-1,-0.004088865910060413,137.48474518250097
130.72999572753906,-1,1,-1,-0.004456410743407302,136.8720566870151
133.49000549316406,-1,0,-1,-0.02111229140844828,133.98237394056517
133.41000366210938,-1,0,-1,0.0005993095195339082,134.06267085271747
134.75999450683594,-1,0,-1,-0.010119112567793076,132.70607559521983
135.94000244140625,-1,0,-1,-0.008756366745847899,131.54405252790585
135.2100067138672,-1,0,-1,0.005369984658148752,132.2504420718514
135.27000427246094,-1,0,-1,-0.00044373608175840573,132.19175777887563
137.8699951171875,-1,-1,-1,-0.01922074933545259,129.65093313839498
141.11000061035156,-1,-1,-1,-0.02350043960188808,126.6040792148477
142.52999877929688,-1,-1,-1,-0.010063058343160014,125.33005497922665
141.86000061035156,-1,-1,-1,0.00470075194473818,125.91920047890437
143.9600067138672,-1,-1,-1,-0.014803370185255682,124.05517194078372
145.92999267578125,-1,-1,-1,-0.013684258613779976,122.3575688855691
143.0,-1,-1,-1,0.020078070464177533,124.814272775479
144.2899932861328,-1,-1,-1,-0.009020932070858745,123.68833169929776
145.42999267578125,-1,-1,-1,-0.007900751560697472,122.71110091958447
150.82000732421875,1,-1,-1,-0.03706260688917107,118.16310762526452
154.5,1,-1,-1,-0.024399897209064214,115.27993994530446
151.72999572753906,1,-1,-1,0.01792883024246561,117.34677441894544
154.64999389648438,1,-1,-1,-0.019244699473851767,115.08847101102697
151.9199981689453,1,-1,-1,0.017652737376545935,117.12009756485287
150.8699951171875,1,-1,-1,0.006911552556695955,117.92957927461771
151.00999450683594,1,-1,-1,-0.0009279472007650558,117.82014685164242
153.85000610351562,1,-1,-1,-0.01880677902118011,115.60432938556059
153.1999969482422,1,-1,-1,0.004224953717818392,116.092752326794
155.3300018310547,1,-1,-1,-0.013903426404976438,114.47866528866726
153.7100067138672,1,-1,-1,0.010429376798369527,115.67260642433722
152.5500030517578,1,-1,-1,0.007546702305912589,116.54555314997069
148.47999572753906,1,-1,-1,0.026679824600448265,119.65496806597413
148.91000366210938,1,-1,-1,-0.0028960664530148783,119.30843932702169
149.39999389648438,1,-1,-1,-0.0032905125399556034,118.9158534112936
146.7100067138672,-1,0,-1,0.018005269695533066,121.0569654230384
147.9199981689453,1,0,0,-0.008247504598905886,120.05854754398231
147.41000366210938,1,0,0,0.0,120.05854754398231
145.30999755859375,-1,0,-1,0.0,120.05854754398231
145.91000366210938,-1,0,-1,-0.0041291453691869595,119.56280834835978
151.02999877929688,1,0,0,-0.035090089703815774,115.3673386781757
153.8300018310547,1,-1,-1,0.0,115.3673386781757
151.60000610351562,1,0,0,0.014496494188358522,117.03976063285026
152.8699951171875,1,-1,-1,0.0,117.03976063285026
150.58999633789062,1,0,0,0.014914625839747453,118.78536487106282
148.5,1,0,0,0.0,118.78536487106282
150.47000122070312,1,0,0,0.0,118.78536487106282
152.58999633789062,1,0,0,0.0,118.78536487106282
152.99000549316406,1,0,0,0.0,118.78536487106282
155.85000610351562,1,-1,-1,0.0,118.78536487106282
155.0,1,-1,-1,0.00545400109224925,119.43322038081283
157.39999389648438,1,-1,-1,-0.015483831590221708,117.58393651015848
159.27999877929688,1,-1,-1,-0.011944122971497162,116.17949951300844
157.8300018310547,1,-1,-1,0.009103446505241086,117.23713337183078
158.92999267578125,1,-1,-1,-0.006969466083539766,116.42005314706438
160.25,1,-1,-1,-0.008305589788276002,115.45311594249557
158.27999877929688,1,-1,-1,0.012293299349161457,116.87241565757013
157.64999389648438,1,-1,-1,0.003980318976947728,117.33760515149369
160.77000427246094,1,-1,-1,-0.019790742129842442,115.01540686580721
162.36000061035156,1,-1,-1,-0.009889881791605992,113.8779180876909
164.89999389648438,1,-1,-1,-0.015644205941022005,112.09638848499223
166.1699981689453,1,-1,-1,-0.00770166355044366,111.233059815661
165.6300048828125,1,-1,-1,0.003249643690696802,111.59452762668785
163.75999450683594,1,-1,-1,0.011290287513422759,112.85446192851775
164.66000366210938,1,-1,-1,-0.005495903672834368,112.23422467670908
162.02999877929688,1,-1,-1,0.01597233586979263,114.02686740933123
160.8000030517578,1,-1,-1,0.007591160506113748,114.89246366184483
160.10000610351562,1,-1,-1,0.004353214769634461,115.39261523157728
165.55999755859375,1,-1,-1,-0.03410363052421039,111.45730811649719
165.2100067138672,1,-1,-1,0.0021139819394035975,111.69292685287
165.22999572753906,1,-1,-1,-0.0001209915432451858,111.6794129532805
166.47000122070312,1,-1,-1,-0.0075047238711354325,110.84128979697562
167.6300048828125,1,-1,-1,-0.006968244450070493,110.0689205945092
166.64999389648438,1,-1,-1,0.0058462742813449875,110.71241369415627
165.02000427246094,1,-1,-1,0.00978091619394783,111.7952825341285
165.3300018310547,1,-1,-1,-0.001878545331279513,111.58527002806494
163.77000427246094,1,0,0,0.0094356592349637,112.63815061169117
163.75999450683594,1,0,0,0.0,112.63815061169117
168.41000366210938,1,-1,-1,0.0,112.63815061169117
169.67999267578125,1,-1,-1,-0.007541054486406518,111.78874018068035
169.58999633789062,1,-1,-1,0.0005303886243240852,111.84803165679972
168.5399932861328,1,-1,-1,0.006191420923589042,112.54052990026187
167.4499969482422,1,-1,-1,0.006467285993302041,113.26836169296465
165.7899932861328,1,0,0,0.009913429037699317,114.3912395588243
173.57000732421875,1,-1,-1,0.0,114.3912395588243
173.5,1,-1,-1,0.0004033376808469935,114.43737785609717
171.77000427246094,1,-1,-1,0.009971156931060876,115.57845090947941
173.55999755859375,1,-1,-1,-0.010420872338650744,114.37402262745272
173.75,1,-1,-1,-0.0010947363682816125,114.24881322529579
172.57000732421875,1,-1,-1,0.006791324752697836,115.02471401851909
172.07000732421875,1,-1,-1,0.002897374855299284,115.35798373265432
172.07000732421875,1,-1,-1,-0.0,115.35798373265432
172.69000244140625,1,-1,-1,-0.0036031562201266354,114.94233089602675
175.0500030517578,1,-1,-1,-0.013666110237923634,113.37151633099775
175.16000366210938,1,-1,-1,-0.0006283953638037687,113.30027419574795
174.1999969482422,1,-1,-1,0.005480741572254533,113.92124371868044
171.55999755859375,1,0,0,0.015154991021227304,115.64771914436407
171.83999633789062,1,0,0,0.0,115.64771914436407
172.99000549316406,1,0,0,0.0,115.64771914436407
175.42999267578125,1,-1,-1,0.0,115.64771914436407
177.3000030517578,1,-1,-1,-0.010659581907596527,114.414962809718
177.25,1,-1,-1,0.0002820251037627397,114.44723070147643
180.08999633789062,1,-1,-1,-0.016022546335066945,112.61349464464193
180.9499969482422,1,-1,-1,-0.004775393568990927,112.07572088653431
179.5800018310547,1,-1,-1,0.0075711253953729685,112.92426022314308
179.2100067138672,1,-1,-1,0.002060335858196427,113.15692212574115
177.82000732421875,1,-1,-1,0.007756259904993845,114.03459662379754
180.57000732421875,1,-1,-1,-0.01546507640721173,112.27104287394495
180.9600067138672,1,-1,-1,-0.002159823746078704,112.02855720954878
183.7899932861328,1,-1,-1,-0.015638740424785524,110.27657168318541
183.30999755859375,1,-1,-1,0.002611653218746124,110.56457584657409
183.9499969482422,1,-1,-1,-0.003491350161869189,110.17855619679514
186.00999450683594,1,-1,-1,-0.011198682211304156,108.94470155944693
184.9199981689453,1,-1,-1,0.005859880490725833,109.58310449068307
185.00999450683594,1,-1,-1,-0.0004866771511018442,109.52977289758064
183.9600067138672,1,-1,-1,0.0056753030870986265,110.1513875558355
187.0,1,-1,-1,-0.016525294494369236,108.33110343751191
186.67999267578125,1,-1,-1,0.0017112691134693048,108.51648710885257
185.27000427246094,1,-1,-1,0.007552970101992296,109.33610889155896
188.05999755859375,1,-1,-1,-0.015059066345298966,107.68960917382415
189.25,1,-1,-1,-0.006327780797909854,107.00817293275962
189.58999633789062,1,-1,-1,-0.0017965460390521049,106.81592782353107
193.97000122070312,1,-1,-1,-0.023102510509079632,104.34821172845085
192.4600067138672,1,-1,-1,0.007784680606965799,105.1605292286649
191.3300018310547,1,-1,-1,0.005871375056598072,105.77796613691675
191.80999755859375,1,-1,-1,-0.002508732153585047,105.51259755212823
190.67999267578125,1,-1,-1,0.0058912720775532446,106.1342009719172
188.61000061035156,1,-1,-1,0.010855843008916843,107.28637719554516
188.0800018310547,1,0,0,0.002810024800285138,107.58785457619737
189.77000427246094,1,-1,-1,0.0,107.58785457619737
190.5399932861328,1,-1,-1,-0.004057485357729984,107.15131843158487
190.69000244140625,1,-1,-1,-0.0007872843526774975,107.06695987521492
193.99000549316406,1,-1,-1,-0.017305590274832694,105.2141029356425
193.72999572753906,1,-1,-1,0.0013403255748356546,105.35512408864054
195.10000610351562,1,-1,-1,-0.007071751438550322,104.61007883830804
193.1300048828125,1,-1,-1,0.010097391896840224,105.6663678006978
191.94000244140625,1,0,0,0.006161665258219817,106.31744858813762
192.75,1,-1,-1,0.0,106.31744858813762
193.6199951171875,1,-1,-1,-0.004513593344682265,105.83757485976659
194.5,1,-1,-1,-0.00454501035536059,105.3565419860427
193.22000122070312,1,0,0,0.006580970587644619,106.04989029006879
195.8300018310547,1,-1,-1,0.0,106.04989029006879
196.4499969482422,1,-1,-1,-0.003165986372825502,105.71413778257079
195.61000061035156,1,-1,-1,0.004275878599845129,106.16615860201637
192.5800018310547,1,0,0,0.015489999334607263,107.8106723281194
191.1699981689453,1,0,0,0.0,107.8106723281194
181.99000549316406,1,1,1,0.0,107.8106723281194
178.85000610351562,1,1,1,-0.017253691383433578,105.95054025992953
179.8000030517578,1,1,1,0.005311696482092065,106.51331737190395
178.19000244140625,1,1,1,-0.00895439701348677,105.5595548409324
177.97000122070312,1,1,1,-0.0012346440186814522,105.42922636793338
177.7899932861328,1,1,1,-0.0010114509936260951,105.3225898721663
179.4600067138672,1,1,1,0.009393180104611876,106.31190392791974
177.4499969482422,1,1,1,-0.01120032146677552,105.12117642818208
176.57000732421875,1,1,1,-0.004959085033290345,104.5998715754752
174.0,1,1,1,-0.014555174817995509,103.07740215875428
174.49000549316406,1,1,1,0.0028161235239314575,103.3676808557593
175.83999633789062,1,1,1,0.007736780344014926,104.16741389721054
177.22999572753906,1,1,1,0.007904910251348207,104.99084795518303
181.1199951171875,1,1,1,0.021948877071738204,107.2952791706089
176.3800048828125,1,1,1,-0.02617044148719283,104.48731434522246
178.61000061035156,1,1,1,0.01264313224744873,105.80836127866985
180.19000244140625,1,1,1,0.008846099466185864,106.7443525668951
184.1199951171875,1,0,0,0.02181027039532446,109.07247575955293
187.64999389648438,1,0,0,0.0,109.07247575955293
187.8699951171875,1,-1,-1,0.0,109.07247575955293
189.4600067138672,1,-1,-1,-0.008463361036912254,108.14935601800998
189.6999969482422,1,-1,-1,-0.0012667065653462206,108.01236251870401
182.91000366210938,1,0,0,0.03579332311737149,111.87848391100664
177.55999755859375,1,1,1,0.0,111.87848391100664
178.17999267578125,1,1,1,0.0034917499758519988,112.26913560450126
179.36000061035156,1,0,0,0.006622561359722834,113.01264484384511
176.3000030517578,1,1,1,0.0,113.01264484384511
174.2100067138672,1,1,1,-0.011854771989295187,111.67290570731414
175.74000549316406,1,1,1,0.008782496529087691,112.65367261408177
175.00999450683594,1,1,1,-0.004153926047057777,112.18571758911341
177.97000122070312,1,0,0,0.016913358132535583,114.08315480805359
179.07000732421875,1,0,0,0.0,114.08315480805359
175.49000549316406,1,1,1,0.0,114.08315480805359
173.92999267578125,1,1,1,-0.008889468166570769,113.06901623504544
174.7899932861328,1,1,1,0.0049445216268977354,113.62808843115167
176.0800018310547,1,0,0,0.00738033408360006,114.46670168505442
171.9600067138672,1,1,1,0.0,114.46670168505442
170.42999267578125,1,1,1,-0.008897499292564004,113.4482342877895
170.69000244140625,1,1,1,0.0015256103784480057,113.62131209143556
171.2100067138672,1,1,1,0.003046483478957418,113.96745754157958
173.75,1,1,1,0.014835542237771948,115.65822657166916
172.39999389648438,1,1,1,-0.007769819300809333,114.75958305055522
173.66000366210938,1,1,1,0.00730864159068112,115.59831971216774
174.91000366210938,1,0,0,0.007197972898999483,116.4303932846258
177.49000549316406,1,0,0,0.0,116.4303932846258
178.99000549316406,1,0,0,0.0,116.4303932846258
178.38999938964844,1,0,0,0.0,116.4303932846258
179.8000030517578,1,0,0,0.0,116.4303932846258
180.7100067138672,1,0,0,0.0,116.4303932846258
178.85000610351562,1,0,0,0.0,116.4303932846258
178.72000122070312,1,0,0,0.0,116.4303932846258
177.14999389648438,1,0,0,0.0,116.4303932846258
175.83999633789062,1,0,0,0.0,116.4303932846258
175.4600067138672,1,0,0,0.0,116.4303932846258
172.8800048828125,1,0,0,0.0,116.4303932846258
173.0,1,0,0,0.0,116.4303932846258
173.44000244140625,1,0,0,0.0,116.4303932846258
171.10000610351562,1,1,1,0.0,116.4303932846258
166.88999938964844,-1,1,-1,-0.02460553222493822,113.5655614906987
168.22000122070312,-1,1,-1,-0.007969332110484562,112.66051981486567
170.2899932861328,-1,1,-1,-0.012305267212035398,111.27420201429693
170.77000427246094,-1,0,-1,-0.0028187856318813154,110.96054389245997
173.97000122070312,1,0,0,-0.018738635990994235,108.88129465109641
177.57000732421875,1,0,0,0.0,108.88129465109641
176.64999389648438,1,0,0,0.0,108.88129465109641
